{
	"credit": "Made by samus2002",
	"textures": {
		"0": "blaze:mineas_blaze_texture/blaze_x5",
		"particle": "blaze:mineas_blaze_texture/blaze_x5"
	},
	"elements": [
		{
			"from": [-11.5, -11.5, 8],
			"to": [27.5, 27.5, 8],
			"rotation": {"angle": 45, "axis": "z", "origin": [8, 8, 8]},
			"faces": {
				"north": {"uv": [1.782, 1.532, 14.5, 14.25], "texture": "#0"},
				"east": {"uv": [3.032, 5.032, 6.5, 9.5], "texture": "#0"},
				"south": {"uv": [16, 0.032, 0.032, 16], "texture": "#0"},
				"west": {"uv": [3.032, 5.032, 6.5, 9.5], "texture": "#0"},
				"up": {"uv": [3.032, 5.032, 6.5, 9.5], "texture": "#0"},
				"down": {"uv": [3.032, 5.032, 6.5, 9.5], "texture": "#0"}
			}
		},
		{
			"from": [-11.5, -11.5, 8.125],
			"to": [27.5, 27.5, 8.125],
			"rotation": {"angle": -45, "axis": "z", "origin": [8, 8, 8]},
			"faces": {
				"north": {"uv": [14.5, 1.532, 1.782, 14.25], "texture": "#0"},
				"east": {"uv": [6.5, 5.032, 3.032, 9.5], "texture": "#0"},
				"south": {"uv": [0.032, 0.032, 16, 16], "texture": "#0"},
				"west": {"uv": [6.5, 5.032, 3.032, 9.5], "texture": "#0"},
				"up": {"uv": [6.5, 5.032, 3.032, 9.5], "texture": "#0"},
				"down": {"uv": [6.5, 5.032, 3.032, 9.5], "texture": "#0"}
			}
		}
	],
	"display": {
		"thirdperson_righthand": {
			"rotation": [90, 0, 0],
			"translation": [-6, -1.25, 19.75],
			"scale": [3.9, 3.9, 3.9]
		},
		"head": {
			"rotation": [90, 180, -156],
			"translation": [1.5, -19, 57.25],
			"scale": [3.8, 3.8, 3.8]
		}
	}
}