{
	"credit": "Made with Blockbench",
	"textures": {
		"0": "blaze:mineas_blaze_texture/blaze_leaps2",
		"particle": "blaze:mineas_blaze_texture/blaze_leaps2"
	"elements": [
    },
		{
			"from": [-13.5, 1, -13.5],
			"to": [29.5, 1, 29.5],
			"rotation": {"angle": 0, "axis": "y", "origin": [8, 1, 8]},
			"faces": {
				"north": {"uv": [3.032, 5.032, 6.5, 9.5], "rotation": 180, "texture": "#0"},
				"east": {"uv": [3.032, 5.032, 6.5, 9.5], "rotation": 90, "texture": "#0"},
				"south": {"uv": [3.032, 5.032, 6.5, 9.5], "texture": "#0"},
				"west": {"uv": [3.032, 5.032, 6.5, 9.5], "rotation": 270, "texture": "#0"},
				"up": {"uv": [15.968, 0.032, 0.032, 15.968], "texture": "#0"},
				"down": {"uv": [0.032, 0.032, 15.968, 15.968], "rotation": 180, "texture": "#0"}
			}
		}
	],
	"display": {
		"head": {
			"translation": [0, -22.25, 0],
			"scale": [3, 3, 3]
		}
	}
}