{"credit":"Made by samus2002","texture_size":[64,64],"textures":{"0":"martial_artist:martial_artist_texture/deadly_squash_4","particle":"martial_artist:martial_artist_texture/deadly_squash_4"},"elements":[{"from":[2,0.75,7.75],"to":[14,4.75,16.75],"rotation":{"angle":0,"axis":"y","origin":[9.21884,2.7875,8]},"faces":{"north":{"uv":[3.25,0,6.25,1],"texture":"#0"},"east":{"uv":[3.25,2.5,5.5,3.5],"texture":"#0"},"south":{"uv":[3.25,1.25,6.25,2.25],"texture":"#0"},"west":{"uv":[3.25,3.75,5.5,4.75],"texture":"#0"},"up":{"uv":[3,2.25,0,0],"texture":"#0"},"down":{"uv":[3,0,0,2.25],"texture":"#0"}}},{"from":[9.50176,1.325,11.30473],"to":[15.50176,4.325,14.30473],"rotation":{"angle":45,"axis":"y","origin":[9.21884,2.7875,8]},"faces":{"north":{"uv":[7.5,4.5,9,5.25],"texture":"#0"},"east":{"uv":[3,8,3.75,8.75],"texture":"#0"},"south":{"uv":[7.5,5.5,9,6.25],"texture":"#0"},"west":{"uv":[8,3,8.75,3.75],"texture":"#0"},"up":{"uv":[9,7.25,7.5,6.5],"texture":"#0"},"down":{"uv":[9,7.5,7.5,8.25],"texture":"#0"}}},{"from":[2,1.25,-0.25],"to":[5,4.25,7.75],"rotation":{"angle":0,"axis":"y","origin":[9.21884,2.7875,8]},"faces":{"north":{"uv":[8.75,0,9.5,0.75],"texture":"#0"},"east":{"uv":[6.5,1,8.5,1.75],"texture":"#0"},"south":{"uv":[8.75,1,9.5,1.75],"texture":"#0"},"west":{"uv":[2,7,4,7.75],"texture":"#0"},"up":{"uv":[5,9.25,4.25,7.25],"texture":"#0"},"down":{"uv":[6,7.25,5.25,9.25],"texture":"#0"}}},{"from":[5,1.25,-0.25],"to":[8,4.25,7.75],"rotation":{"angle":0,"axis":"y","origin":[9.21884,2.7875,8]},"faces":{"north":{"uv":[8.75,0,9.5,0.75],"texture":"#0"},"east":{"uv":[6.5,1,8.5,1.75],"texture":"#0"},"south":{"uv":[8.75,1,9.5,1.75],"texture":"#0"},"west":{"uv":[2,7,4,7.75],"texture":"#0"},"up":{"uv":[5,9.25,4.25,7.25],"texture":"#0"},"down":{"uv":[6,7.25,5.25,9.25],"texture":"#0"}}},{"from":[11,1.25,-0.25],"to":[14,4.25,7.75],"rotation":{"angle":0,"axis":"y","origin":[9.21884,2.7875,8]},"faces":{"north":{"uv":[8.75,0,9.5,0.75],"texture":"#0"},"east":{"uv":[6.5,1,8.5,1.75],"texture":"#0"},"south":{"uv":[8.75,1,9.5,1.75],"texture":"#0"},"west":{"uv":[2,7,4,7.75],"texture":"#0"},"up":{"uv":[5,9.25,4.25,7.25],"texture":"#0"},"down":{"uv":[6,7.25,5.25,9.25],"texture":"#0"}}},{"from":[8,1.25,-0.25],"to":[11,4.25,7.75],"rotation":{"angle":0,"axis":"y","origin":[9.21884,2.7875,8]},"faces":{"north":{"uv":[8.75,0,9.5,0.75],"texture":"#0"},"east":{"uv":[6.5,1,8.5,1.75],"texture":"#0"},"south":{"uv":[8.75,1,9.5,1.75],"texture":"#0"},"west":{"uv":[2,7,4,7.75],"texture":"#0"},"up":{"uv":[5,9.25,4.25,7.25],"texture":"#0"},"down":{"uv":[6,7.25,5.25,9.25],"texture":"#0"}}}],"display":{"thirdperson_righthand":{"rotation":[90,0,0],"translation":[-6.5,1.25,8.25],"scale":[3,3,3]},"thirdperson_lefthand":{"rotation":[90,0,0],"translation":[-6.5,1.25,8.25],"scale":[3,3,3]}}}