{"credit":"Made by samus2002","texture_size":[128,128],"textures":{"0":"martial_artist:martial_artist_texture/multi_strike_shadow_4","1":"martial_artist:martial_artist_texture/martial_artist_shadow_gauntlet_4","particle":"martial_artist:martial_artist_texture/martial_artist_shadow_gauntlet_4"},"elements":[{"name":"body","from":[4.725,11.925,10.25],"to":[12.725,23.925,14.25],"rotation":{"angle":22.5,"axis":"x","origin":[8.725,17.925,10.25]},"faces":{"north":{"uv":[2.5,3,2.75,2.5],"texture":"#0"},"east":{"uv":[2.5,3,2.75,2.5],"texture":"#0"},"south":{"uv":[2.5,3,2.75,2.5],"texture":"#0"},"west":{"uv":[2.5,3,2.75,2.5],"texture":"#0"},"up":{"uv":[2.5,3,2.75,2.5],"texture":"#0"},"down":{"uv":[2.5,3,2.75,2.5],"texture":"#0"}}},{"name":"head","from":[4.675,22.20698,9.15193],"to":[12.675,30.20698,17.15193],"rotation":{"angle":0,"axis":"y","origin":[8.675,26.20698,13.15193]},"faces":{"north":{"uv":[2.5,3,2.75,2.5],"texture":"#0"},"east":{"uv":[2.5,3,2.75,2.5],"texture":"#0"},"south":{"uv":[2.5,3,2.75,2.5],"texture":"#0"},"west":{"uv":[2.5,3,2.75,2.5],"texture":"#0"},"up":{"uv":[2.5,3,2.75,2.5],"texture":"#0"},"down":{"uv":[2.5,3,2.75,2.5],"texture":"#0"}}},{"name":"left_arm","from":[12.81647,15.11377,9.36245],"to":[16.81647,19.11377,15.36245],"rotation":{"angle":45,"axis":"x","origin":[15.42945,14.95158,17.32407]},"faces":{"north":{"uv":[2.75,3,2.5,2.5],"rotation":270,"texture":"#0"},"east":{"uv":[2.75,3,2.5,2.5],"rotation":180,"texture":"#0"},"south":{"uv":[2.75,3,2.5,2.5],"rotation":90,"texture":"#0"},"west":{"uv":[2.75,3,2.5,2.5],"texture":"#0"},"up":{"uv":[2.75,3,2.5,2.5],"rotation":90,"texture":"#0"},"down":{"uv":[2.75,3,2.5,2.5],"rotation":90,"texture":"#0"}}},{"name":"left_arm4","from":[12.81647,12.63818,15.24004],"to":[16.81647,18.63818,19.24004],"rotation":{"angle":0,"axis":"x","origin":[15.42945,14.95158,17.32407]},"faces":{"north":{"uv":[2.75,3,2.5,2.5],"rotation":270,"texture":"#0"},"east":{"uv":[2.5,2.5,2.75,3],"rotation":270,"texture":"#0"},"south":{"uv":[2.75,3,2.5,2.5],"rotation":90,"texture":"#0"},"west":{"uv":[2.5,2.5,2.75,3],"rotation":270,"texture":"#0"},"up":{"uv":[2.75,3,2.5,2.5],"rotation":90,"texture":"#0"},"down":{"uv":[2.75,3,2.5,2.5],"rotation":90,"texture":"#0"}}},{"from":[11.79772,11.5929,13.96407],"to":[17.67772,18.3129,20.68407],"rotation":{"angle":0,"axis":"x","origin":[15.42945,14.95158,17.32407]},"faces":{"north":{"uv":[5.5,0,7.25,2],"texture":"#1"},"east":{"uv":[7,5,5,3],"rotation":180,"texture":"#1"},"south":{"uv":[7.25,0,5.5,2],"texture":"#1"},"west":{"uv":[2,7.5,0,5.5],"rotation":180,"texture":"#1"},"up":{"uv":[4.25,7.5,2.25,5.75],"rotation":90,"texture":"#1"},"down":{"uv":[9.25,2.5,7.25,4.25],"rotation":270,"texture":"#1"}}},{"from":[16.26192,5.8862,8.92407],"to":[16.26192,13.4462,16.48407],"rotation":{"angle":22.5,"axis":"z","origin":[15.42945,14.95158,17.32407]},"faces":{"north":{"uv":[4,11,4,13.25],"texture":"#1"},"east":{"uv":[2.25,5.25,0,3],"rotation":180,"texture":"#1"},"south":{"uv":[3.75,11,3.75,13.25],"texture":"#1"},"west":{"uv":[0,5.25,2.25,3],"rotation":180,"texture":"#1"},"up":{"uv":[13.25,7.25,11,7.25],"rotation":90,"texture":"#1"},"down":{"uv":[13.25,7.5,11,7.5],"rotation":270,"texture":"#1"}}},{"from":[18.27545,13.95251,8.08407],"to":[18.27545,23.19251,16.48407],"rotation":{"angle":22.5,"axis":"z","origin":[15.42945,14.95158,17.32407]},"faces":{"north":{"uv":[8.5,11,8.5,13.75],"texture":"#1"},"east":{"uv":[2.5,2.75,0,0],"rotation":180,"texture":"#1"},"south":{"uv":[8.25,11,8.25,13.75],"texture":"#1"},"west":{"uv":[0,2.75,2.5,0],"rotation":180,"texture":"#1"},"up":{"uv":[13.5,10.5,11,10.5],"rotation":90,"texture":"#1"},"down":{"uv":[13.5,10.75,11,10.75],"rotation":270,"texture":"#1"}}},{"from":[16.26192,5.8862,18.16407],"to":[16.26192,13.4462,25.72407],"rotation":{"angle":22.5,"axis":"z","origin":[15.42945,14.95158,17.32407]},"faces":{"north":{"uv":[3.75,11,3.75,13.25],"texture":"#1"},"east":{"uv":[0,5.25,2.25,3],"rotation":180,"texture":"#1"},"south":{"uv":[4,11,4,13.25],"texture":"#1"},"west":{"uv":[2.25,5.25,0,3],"rotation":180,"texture":"#1"},"up":{"uv":[11,7.25,13.25,7.25],"rotation":90,"texture":"#1"},"down":{"uv":[11,7.5,13.25,7.5],"rotation":270,"texture":"#1"}}},{"from":[18.27545,13.95251,18.16407],"to":[18.27545,23.19251,26.56407],"rotation":{"angle":22.5,"axis":"z","origin":[15.42945,14.95158,17.32407]},"faces":{"north":{"uv":[8.25,11,8.25,13.75],"texture":"#1"},"east":{"uv":[0,2.75,2.5,0],"rotation":180,"texture":"#1"},"south":{"uv":[8.5,11,8.5,13.75],"texture":"#1"},"west":{"uv":[2.5,2.75,0,0],"rotation":180,"texture":"#1"},"up":{"uv":[11,10.5,13.5,10.5],"rotation":90,"texture":"#1"},"down":{"uv":[11,10.75,13.5,10.75],"rotation":270,"texture":"#1"}}},{"from":[15.99772,9.0729,19.00407],"to":[17.67772,11.5929,20.68407],"rotation":{"angle":0,"axis":"x","origin":[15.42945,14.95158,17.32407]},"faces":{"north":{"uv":[8.75,9,9.25,9.75],"texture":"#1"},"east":{"uv":[9.25,2,8.75,1.25],"rotation":180,"texture":"#1"},"south":{"uv":[3.5,9,4,9.75],"texture":"#1"},"west":{"uv":[8.5,9.75,8,9],"rotation":180,"texture":"#1"},"up":{"uv":[6,2.75,5.5,2.25],"rotation":90,"texture":"#1"},"down":{"uv":[6.75,2.25,6.25,2.75],"rotation":270,"texture":"#1"}}},{"from":[15.99772,9.0729,17.32407],"to":[17.67772,11.5929,19.00407],"rotation":{"angle":0,"axis":"x","origin":[15.42945,14.95158,17.32407]},"faces":{"north":{"uv":[9.5,4.25,10,5],"texture":"#1"},"east":{"uv":[10,2,9.5,1.25],"rotation":180,"texture":"#1"},"south":{"uv":[9.5,2.25,10,3],"texture":"#1"},"west":{"uv":[10,4,9.5,3.25],"rotation":180,"texture":"#1"},"up":{"uv":[10.75,10.5,10.25,10],"rotation":90,"texture":"#1"},"down":{"uv":[11.25,0,10.75,0.5],"rotation":270,"texture":"#1"}}},{"from":[15.99772,9.0729,15.64407],"to":[17.67772,11.5929,17.32407],"rotation":{"angle":0,"axis":"x","origin":[15.42945,14.95158,17.32407]},"faces":{"north":{"uv":[9.5,8.25,10,9],"texture":"#1"},"east":{"uv":[10,6,9.5,5.25],"rotation":180,"texture":"#1"},"south":{"uv":[9.5,6.25,10,7],"texture":"#1"},"west":{"uv":[10,8,9.5,7.25],"rotation":180,"texture":"#1"},"up":{"uv":[4.75,11.25,4.25,10.75],"rotation":90,"texture":"#1"},"down":{"uv":[5.5,10.75,5,11.25],"rotation":270,"texture":"#1"}}},{"from":[15.99772,9.0729,13.96407],"to":[17.67772,11.5929,15.64407],"rotation":{"angle":0,"axis":"x","origin":[15.42945,14.95158,17.32407]},"faces":{"north":{"uv":[0,10,0.5,10.75],"texture":"#1"},"east":{"uv":[10,10,9.5,9.25],"rotation":180,"texture":"#1"},"south":{"uv":[4.25,9.75,4.75,10.5],"texture":"#1"},"west":{"uv":[5.5,10.5,5,9.75],"rotation":180,"texture":"#1"},"up":{"uv":[10.75,11.25,10.25,10.75],"rotation":90,"texture":"#1"},"down":{"uv":[0.5,11,0,11.5],"rotation":270,"texture":"#1"}}},{"from":[11.79772,9.0729,13.96407],"to":[13.47772,11.5929,15.64407],"rotation":{"angle":0,"axis":"x","origin":[15.42945,14.95158,17.32407]},"faces":{"north":{"uv":[9.5,10.25,10,11],"texture":"#1"},"east":{"uv":[7.75,11,7.25,10.25],"rotation":180,"texture":"#1"},"south":{"uv":[10.25,8,10.75,8.75],"texture":"#1"},"west":{"uv":[10.75,9.75,10.25,9],"rotation":180,"texture":"#1"},"up":{"uv":[11.5,5.75,11,5.25],"rotation":90,"texture":"#1"},"down":{"uv":[11.5,6,11,6.5],"rotation":270,"texture":"#1"}}},{"from":[13.47948,9.07026,13.96407],"to":[15.99948,10.75026,15.64407],"rotation":{"angle":0,"axis":"x","origin":[15.42945,14.95158,17.32407]},"faces":{"north":{"uv":[10.25,7,10.75,7.75],"rotation":270,"texture":"#1"},"east":{"uv":[11,3.75,11.5,4.25],"texture":"#1"},"south":{"uv":[10.25,6,10.75,6.75],"rotation":90,"texture":"#1"},"west":{"uv":[11,5,11.5,4.5],"rotation":180,"texture":"#1"},"up":{"uv":[6.5,10.25,7,11],"rotation":90,"texture":"#1"},"down":{"uv":[5.75,10.25,6.25,11],"rotation":90,"texture":"#1"}}},{"from":[13.47948,9.07026,15.64407],"to":[15.99948,10.75026,17.32407],"rotation":{"angle":0,"axis":"x","origin":[15.42945,14.95158,17.32407]},"faces":{"north":{"uv":[10.25,5,10.75,5.75],"rotation":270,"texture":"#1"},"east":{"uv":[3,11,3.5,11.5],"texture":"#1"},"south":{"uv":[10.25,3,10.75,3.75],"rotation":90,"texture":"#1"},"west":{"uv":[11,3.5,11.5,3],"rotation":180,"texture":"#1"},"up":{"uv":[10.25,4,10.75,4.75],"rotation":90,"texture":"#1"},"down":{"uv":[2.25,10.25,2.75,11],"rotation":90,"texture":"#1"}}},{"from":[13.47948,9.07026,17.32407],"to":[15.99948,10.75026,19.00407],"rotation":{"angle":0,"axis":"x","origin":[15.42945,14.95158,17.32407]},"faces":{"north":{"uv":[10.25,2,10.75,2.75],"rotation":270,"texture":"#1"},"east":{"uv":[11,1.5,11.5,2],"texture":"#1"},"south":{"uv":[10.25,1,10.75,1.75],"rotation":90,"texture":"#1"},"west":{"uv":[11,2.75,11.5,2.25],"rotation":180,"texture":"#1"},"up":{"uv":[1.5,10.25,2,11],"rotation":90,"texture":"#1"},"down":{"uv":[8.75,10,9.25,10.75],"rotation":90,"texture":"#1"}}},{"from":[13.47948,9.07026,19.00407],"to":[15.99948,10.75026,20.68407],"rotation":{"angle":0,"axis":"x","origin":[15.42945,14.95158,17.32407]},"faces":{"north":{"uv":[8,10,8.5,10.75],"rotation":270,"texture":"#1"},"east":{"uv":[0.75,11,1.25,11.5],"texture":"#1"},"south":{"uv":[0.75,10,1.25,10.75],"rotation":90,"texture":"#1"},"west":{"uv":[11,1.25,11.5,0.75],"rotation":180,"texture":"#1"},"up":{"uv":[3.5,10,4,10.75],"rotation":90,"texture":"#1"},"down":{"uv":[10,0,10.5,0.75],"rotation":90,"texture":"#1"}}},{"from":[11.79772,18.3129,14.80407],"to":[17.67772,21.6729,19.84407],"rotation":{"angle":0,"axis":"x","origin":[15.42945,14.95158,17.32407]},"faces":{"north":{"uv":[1.75,7.75,3.5,8.75],"texture":"#1"},"east":{"uv":[3.25,10,1.75,9],"rotation":180,"texture":"#1"},"south":{"uv":[3.5,7.75,1.75,8.75],"texture":"#1"},"west":{"uv":[7.75,10,6.25,9],"rotation":180,"texture":"#1"},"up":{"uv":[6,9.5,4.5,7.75],"rotation":90,"texture":"#1"},"down":{"uv":[1.5,7.75,0,9.75],"rotation":270,"texture":"#1"}}},{"name":"left_arm","from":[0.68353,15.11377,9.36245],"to":[4.68353,19.11377,15.36245],"rotation":{"angle":45,"axis":"x","origin":[2.07055,14.95158,17.32407]},"faces":{"north":{"uv":[2.75,2.5,2.5,3],"rotation":270,"texture":"#0"},"east":{"uv":[2.5,3,2.75,2.5],"texture":"#0"},"south":{"uv":[2.75,2.5,2.5,3],"rotation":90,"texture":"#0"},"west":{"uv":[2.5,3,2.75,2.5],"rotation":180,"texture":"#0"},"up":{"uv":[2.75,2.5,2.5,3],"rotation":90,"texture":"#0"},"down":{"uv":[2.75,2.5,2.5,3],"rotation":90,"texture":"#0"}}},{"name":"left_arm5","from":[0.68353,12.63818,15.24004],"to":[4.68353,18.63818,19.24004],"rotation":{"angle":0,"axis":"x","origin":[2.07055,14.95158,17.32407]},"faces":{"north":{"uv":[2.75,2.5,2.5,3],"rotation":270,"texture":"#0"},"east":{"uv":[2.5,3,2.75,2.5],"rotation":270,"texture":"#0"},"south":{"uv":[2.75,2.5,2.5,3],"rotation":90,"texture":"#0"},"west":{"uv":[2.5,3,2.75,2.5],"rotation":270,"texture":"#0"},"up":{"uv":[2.75,2.5,2.5,3],"rotation":90,"texture":"#0"},"down":{"uv":[2.75,2.5,2.5,3],"rotation":90,"texture":"#0"}}},{"from":[-0.17772,11.5929,13.96407],"to":[5.70228,18.3129,20.68407],"rotation":{"angle":0,"axis":"x","origin":[2.07055,14.95158,17.32407]},"faces":{"north":{"uv":[7.25,0,5.5,2],"texture":"#1"},"east":{"uv":[0,7.5,2,5.5],"rotation":180,"texture":"#1"},"south":{"uv":[5.5,0,7.25,2],"texture":"#1"},"west":{"uv":[5,5,7,3],"rotation":180,"texture":"#1"},"up":{"uv":[4.25,5.75,2.25,7.5],"rotation":90,"texture":"#1"},"down":{"uv":[9.25,4.25,7.25,2.5],"rotation":270,"texture":"#1"}}},{"from":[1.23808,5.8862,8.92407],"to":[1.23808,13.4462,16.48407],"rotation":{"angle":-22.5,"axis":"z","origin":[2.07055,14.95158,17.32407]},"faces":{"north":{"uv":[4,11,4,13.25],"texture":"#1"},"east":{"uv":[2.25,5.25,0,3],"rotation":180,"texture":"#1"},"south":{"uv":[3.75,11,3.75,13.25],"texture":"#1"},"west":{"uv":[0,5.25,2.25,3],"rotation":180,"texture":"#1"},"up":{"uv":[13.25,7.25,11,7.25],"rotation":90,"texture":"#1"},"down":{"uv":[13.25,7.5,11,7.5],"rotation":270,"texture":"#1"}}},{"from":[-0.77545,13.95251,8.08407],"to":[-0.77545,23.19251,16.48407],"rotation":{"angle":-22.5,"axis":"z","origin":[2.07055,14.95158,17.32407]},"faces":{"north":{"uv":[8.5,11,8.5,13.75],"texture":"#1"},"east":{"uv":[2.5,2.75,0,0],"rotation":180,"texture":"#1"},"south":{"uv":[8.25,11,8.25,13.75],"texture":"#1"},"west":{"uv":[0,2.75,2.5,0],"rotation":180,"texture":"#1"},"up":{"uv":[13.5,10.5,11,10.5],"rotation":90,"texture":"#1"},"down":{"uv":[13.5,10.75,11,10.75],"rotation":270,"texture":"#1"}}},{"from":[1.23808,5.8862,18.16407],"to":[1.23808,13.4462,25.72407],"rotation":{"angle":-22.5,"axis":"z","origin":[2.07055,14.95158,17.32407]},"faces":{"north":{"uv":[3.75,11,3.75,13.25],"texture":"#1"},"east":{"uv":[0,5.25,2.25,3],"rotation":180,"texture":"#1"},"south":{"uv":[4,11,4,13.25],"texture":"#1"},"west":{"uv":[2.25,5.25,0,3],"rotation":180,"texture":"#1"},"up":{"uv":[11,7.25,13.25,7.25],"rotation":90,"texture":"#1"},"down":{"uv":[11,7.5,13.25,7.5],"rotation":270,"texture":"#1"}}},{"from":[-0.77545,13.95251,18.16407],"to":[-0.77545,23.19251,26.56407],"rotation":{"angle":-22.5,"axis":"z","origin":[2.07055,14.95158,17.32407]},"faces":{"north":{"uv":[8.25,11,8.25,13.75],"texture":"#1"},"east":{"uv":[0,2.75,2.5,0],"rotation":180,"texture":"#1"},"south":{"uv":[8.5,11,8.5,13.75],"texture":"#1"},"west":{"uv":[2.5,2.75,0,0],"rotation":180,"texture":"#1"},"up":{"uv":[11,10.5,13.5,10.5],"rotation":90,"texture":"#1"},"down":{"uv":[11,10.75,13.5,10.75],"rotation":270,"texture":"#1"}}},{"from":[-0.17772,9.0729,19.00407],"to":[1.50228,11.5929,20.68407],"rotation":{"angle":0,"axis":"x","origin":[2.07055,14.95158,17.32407]},"faces":{"north":{"uv":[9.25,9,8.75,9.75],"texture":"#1"},"east":{"uv":[8,9.75,8.5,9],"rotation":180,"texture":"#1"},"south":{"uv":[4,9,3.5,9.75],"texture":"#1"},"west":{"uv":[8.75,2,9.25,1.25],"rotation":180,"texture":"#1"},"up":{"uv":[6,2.25,5.5,2.75],"rotation":90,"texture":"#1"},"down":{"uv":[6.75,2.75,6.25,2.25],"rotation":270,"texture":"#1"}}},{"from":[-0.17772,9.0729,17.32407],"to":[1.50228,11.5929,19.00407],"rotation":{"angle":0,"axis":"x","origin":[2.07055,14.95158,17.32407]},"faces":{"north":{"uv":[10,4.25,9.5,5],"texture":"#1"},"east":{"uv":[9.5,4,10,3.25],"rotation":180,"texture":"#1"},"south":{"uv":[10,2.25,9.5,3],"texture":"#1"},"west":{"uv":[9.5,2,10,1.25],"rotation":180,"texture":"#1"},"up":{"uv":[10.75,10,10.25,10.5],"rotation":90,"texture":"#1"},"down":{"uv":[11.25,0.5,10.75,0],"rotation":270,"texture":"#1"}}},{"from":[-0.17772,9.0729,15.64407],"to":[1.50228,11.5929,17.32407],"rotation":{"angle":0,"axis":"x","origin":[2.07055,14.95158,17.32407]},"faces":{"north":{"uv":[10,8.25,9.5,9],"texture":"#1"},"east":{"uv":[9.5,8,10,7.25],"rotation":180,"texture":"#1"},"south":{"uv":[10,6.25,9.5,7],"texture":"#1"},"west":{"uv":[9.5,6,10,5.25],"rotation":180,"texture":"#1"},"up":{"uv":[4.75,10.75,4.25,11.25],"rotation":90,"texture":"#1"},"down":{"uv":[5.5,11.25,5,10.75],"rotation":270,"texture":"#1"}}},{"from":[-0.17772,9.0729,13.96407],"to":[1.50228,11.5929,15.64407],"rotation":{"angle":0,"axis":"x","origin":[2.07055,14.95158,17.32407]},"faces":{"north":{"uv":[0.5,10,0,10.75],"texture":"#1"},"east":{"uv":[5,10.5,5.5,9.75],"rotation":180,"texture":"#1"},"south":{"uv":[4.75,9.75,4.25,10.5],"texture":"#1"},"west":{"uv":[9.5,10,10,9.25],"rotation":180,"texture":"#1"},"up":{"uv":[10.75,10.75,10.25,11.25],"rotation":90,"texture":"#1"},"down":{"uv":[0.5,11.5,0,11],"rotation":270,"texture":"#1"}}},{"from":[4.02228,9.0729,13.96407],"to":[5.70228,11.5929,15.64407],"rotation":{"angle":0,"axis":"x","origin":[2.07055,14.95158,17.32407]},"faces":{"north":{"uv":[10,10.25,9.5,11],"texture":"#1"},"east":{"uv":[10.25,9.75,10.75,9],"rotation":180,"texture":"#1"},"south":{"uv":[10.75,8,10.25,8.75],"texture":"#1"},"west":{"uv":[7.25,11,7.75,10.25],"rotation":180,"texture":"#1"},"up":{"uv":[11.5,5.25,11,5.75],"rotation":90,"texture":"#1"},"down":{"uv":[11.5,6.5,11,6],"rotation":270,"texture":"#1"}}},{"from":[1.50052,9.07026,13.96407],"to":[4.02052,10.75026,15.64407],"rotation":{"angle":0,"axis":"x","origin":[2.07055,14.95158,17.32407]},"faces":{"north":{"uv":[10.25,7.75,10.75,7],"rotation":270,"texture":"#1"},"east":{"uv":[11.5,5,11,4.5],"rotation":180,"texture":"#1"},"south":{"uv":[10.25,6.75,10.75,6],"rotation":90,"texture":"#1"},"west":{"uv":[11.5,3.75,11,4.25],"texture":"#1"},"up":{"uv":[6.5,11,7,10.25],"rotation":90,"texture":"#1"},"down":{"uv":[5.75,11,6.25,10.25],"rotation":90,"texture":"#1"}}},{"from":[1.50052,9.07026,15.64407],"to":[4.02052,10.75026,17.32407],"rotation":{"angle":0,"axis":"x","origin":[2.07055,14.95158,17.32407]},"faces":{"north":{"uv":[10.25,5.75,10.75,5],"rotation":270,"texture":"#1"},"east":{"uv":[11.5,3.5,11,3],"rotation":180,"texture":"#1"},"south":{"uv":[10.25,3.75,10.75,3],"rotation":90,"texture":"#1"},"west":{"uv":[3.5,11,3,11.5],"texture":"#1"},"up":{"uv":[10.25,4.75,10.75,4],"rotation":90,"texture":"#1"},"down":{"uv":[2.25,11,2.75,10.25],"rotation":90,"texture":"#1"}}},{"from":[1.50052,9.07026,17.32407],"to":[4.02052,10.75026,19.00407],"rotation":{"angle":0,"axis":"x","origin":[2.07055,14.95158,17.32407]},"faces":{"north":{"uv":[10.25,2.75,10.75,2],"rotation":270,"texture":"#1"},"east":{"uv":[11.5,2.75,11,2.25],"rotation":180,"texture":"#1"},"south":{"uv":[10.25,1.75,10.75,1],"rotation":90,"texture":"#1"},"west":{"uv":[11.5,1.5,11,2],"texture":"#1"},"up":{"uv":[1.5,11,2,10.25],"rotation":90,"texture":"#1"},"down":{"uv":[8.75,10.75,9.25,10],"rotation":90,"texture":"#1"}}},{"from":[1.50052,9.07026,19.00407],"to":[4.02052,10.75026,20.68407],"rotation":{"angle":0,"axis":"x","origin":[2.07055,14.95158,17.32407]},"faces":{"north":{"uv":[8,10.75,8.5,10],"rotation":270,"texture":"#1"},"east":{"uv":[11.5,1.25,11,0.75],"rotation":180,"texture":"#1"},"south":{"uv":[0.75,10.75,1.25,10],"rotation":90,"texture":"#1"},"west":{"uv":[1.25,11,0.75,11.5],"texture":"#1"},"up":{"uv":[3.5,10.75,4,10],"rotation":90,"texture":"#1"},"down":{"uv":[10,0.75,10.5,0],"rotation":90,"texture":"#1"}}},{"from":[-0.17772,18.3129,14.80407],"to":[5.70228,21.6729,19.84407],"rotation":{"angle":0,"axis":"x","origin":[2.07055,14.95158,17.32407]},"faces":{"north":{"uv":[3.5,7.75,1.75,8.75],"texture":"#1"},"east":{"uv":[6.25,10,7.75,9],"rotation":180,"texture":"#1"},"south":{"uv":[1.75,7.75,3.5,8.75],"texture":"#1"},"west":{"uv":[1.75,10,3.25,9],"rotation":180,"texture":"#1"},"up":{"uv":[6,7.75,4.5,9.5],"rotation":90,"texture":"#1"},"down":{"uv":[1.5,9.75,0,7.75],"rotation":270,"texture":"#1"}}},{"name":"left_leg","from":[8.825,6.93564,7.20139],"to":[12.825,12.93564,11.20139],"rotation":{"angle":22.5,"axis":"x","origin":[9.01418,10.17948,6.081]},"faces":{"north":{"uv":[2.5,3,2.75,2.5],"texture":"#0"},"east":{"uv":[2.5,3,2.75,2.5],"texture":"#0"},"south":{"uv":[2.5,3,2.75,2.5],"texture":"#0"},"west":{"uv":[2.5,3,2.75,2.5],"texture":"#0"},"up":{"uv":[2.5,3,2.75,2.5],"texture":"#0"},"down":{"uv":[2.5,3,2.75,2.5],"texture":"#0"}}},{"name":"left_leg2","from":[8.825,1.00893,4.72346],"to":[12.825,7.00893,8.72346],"rotation":{"angle":-22.5,"axis":"x","origin":[9.01418,10.17948,6.081]},"faces":{"north":{"uv":[2.5,3,2.75,2.5],"rotation":180,"texture":"#0"},"east":{"uv":[2.5,3,2.75,2.5],"rotation":270,"texture":"#0"},"south":{"uv":[2.5,3,2.75,2.5],"texture":"#0"},"west":{"uv":[2.5,3,2.75,2.5],"rotation":90,"texture":"#0"},"up":{"uv":[2.5,3,2.75,2.5],"rotation":180,"texture":"#0"},"down":{"uv":[2.5,3,2.75,2.5],"texture":"#0"}}},{"name":"left_leg","from":[4.7284,8.03514,3.67326],"to":[8.7284,12.03514,9.67326],"rotation":{"angle":-22.5,"axis":"x","origin":[6.71588,9.17948,4.83154]},"faces":{"north":{"uv":[2.5,3,2.75,2.5],"rotation":180,"texture":"#0"},"east":{"uv":[2.75,2.5,2.5,3],"rotation":90,"texture":"#0"},"south":{"uv":[2.5,3,2.75,2.5],"texture":"#0"},"west":{"uv":[2.75,2.5,2.5,3],"rotation":270,"texture":"#0"},"up":{"uv":[2.5,3,2.75,2.5],"rotation":180,"texture":"#0"},"down":{"uv":[2.5,3,2.75,2.5],"texture":"#0"}}},{"name":"left_leg3","from":[4.70336,4.27214,2.13429],"to":[8.70336,10.27214,6.13429],"rotation":{"angle":22.5,"axis":"x","origin":[6.71588,9.17948,4.83154]},"faces":{"north":{"uv":[2.5,3,2.75,2.5],"texture":"#0"},"east":{"uv":[2.5,3,2.75,2.5],"texture":"#0"},"south":{"uv":[2.5,3,2.75,2.5],"texture":"#0"},"west":{"uv":[2.5,3,2.75,2.5],"texture":"#0"},"up":{"uv":[2.5,3,2.75,2.5],"texture":"#0"},"down":{"uv":[2.5,3,2.75,2.5],"texture":"#0"}}}],"display":{"thirdperson_righthand":{"rotation":[90,0,0],"translation":[-6.25,-1,-6.75],"scale":[0.9,0.9,0.9]},"thirdperson_lefthand":{"rotation":[90,-90,0],"translation":[0.5,-2,2.75],"scale":[0.9,0.9,0.9]},"firstperson_righthand":{"rotation":[96,3,-8],"translation":[1.25,2,1],"scale":[0.9,0.9,0.9]},"firstperson_lefthand":{"rotation":[96,3,-8],"translation":[1.25,2,1],"scale":[0.9,0.9,0.9]},"ground":{"rotation":[90,0,0],"scale":[0.9,0.9,0.9]},"gui":{"rotation":[0,180,0],"translation":[0,-1,0],"scale":[0.75,0.75,0.75]},"head":{"translation":[-1.25,-33.75,4],"scale":[1.65,1.65,1.65]},"fixed":{"scale":[0.9,0.9,0.9]}}}