{"credit":"Made by samus2002","texture_size":[64,64],"textures":{"0":"martial_artist:martial_artist_texture/martial_artist_gauntlet_shiny","particle":"martial_artist:martial_artist_texture/martial_artist_gauntlet_shiny"},"elements":[{"from":[4,4,5.25],"to":[12,12,12.25],"rotation":{"angle":0,"axis":"y","origin":[8,8,8]},"faces":{"north":{"uv":[5,3,7,5],"texture":"#0"},"east":{"uv":[7.25,0,5.5,2],"texture":"#0"},"south":{"uv":[0,5.5,2,7.5],"texture":"#0"},"west":{"uv":[5.5,0,7.25,2],"texture":"#0"},"up":{"uv":[4.25,7.5,2.25,5.75],"texture":"#0"},"down":{"uv":[9.25,2.5,7.25,4.25],"texture":"#0"}}},{"from":[-2,-0.75,5.675],"to":[7,8.25,5.675],"rotation":{"angle":22.5,"axis":"x","origin":[2.5,3.5,4.925]},"faces":{"north":{"uv":[0,3,2.25,5.25],"texture":"#0"},"east":{"uv":[3.75,11,3.75,13.25],"texture":"#0"},"south":{"uv":[2.25,3,0,5.25],"texture":"#0"},"west":{"uv":[4,11,4,13.25],"texture":"#0"},"up":{"uv":[13.25,7.25,11,7.25],"texture":"#0"},"down":{"uv":[13.25,7.5,11,7.5],"texture":"#0"}}},{"from":[-3,9.25,7.575],"to":[7,20.25,7.575],"rotation":{"angle":22.5,"axis":"x","origin":[2,14.5,6.075]},"faces":{"north":{"uv":[0,0,2.5,2.75],"texture":"#0"},"east":{"uv":[8.25,11,8.25,13.75],"texture":"#0"},"south":{"uv":[2.5,0,0,2.75],"texture":"#0"},"west":{"uv":[8.5,11,8.5,13.75],"texture":"#0"},"up":{"uv":[13.5,10.5,11,10.5],"texture":"#0"},"down":{"uv":[13.5,10.75,11,10.75],"texture":"#0"}}},{"from":[9,-0.75,5.675],"to":[18,8.25,5.675],"rotation":{"angle":22.5,"axis":"x","origin":[13.5,3.5,4.925]},"faces":{"north":{"uv":[2.25,3,0,5.25],"texture":"#0"},"east":{"uv":[4,11,4,13.25],"texture":"#0"},"south":{"uv":[0,3,2.25,5.25],"texture":"#0"},"west":{"uv":[3.75,11,3.75,13.25],"texture":"#0"},"up":{"uv":[11,7.25,13.25,7.25],"texture":"#0"},"down":{"uv":[11,7.5,13.25,7.5],"texture":"#0"}}},{"from":[9,9.25,7.575],"to":[19,20.25,7.575],"rotation":{"angle":22.5,"axis":"x","origin":[14,14.5,6.075]},"faces":{"north":{"uv":[2.5,0,0,2.75],"texture":"#0"},"east":{"uv":[8.5,11,8.5,13.75],"texture":"#0"},"south":{"uv":[0,0,2.5,2.75],"texture":"#0"},"west":{"uv":[8.25,11,8.25,13.75],"texture":"#0"},"up":{"uv":[11,10.5,13.5,10.5],"texture":"#0"},"down":{"uv":[11,10.75,13.5,10.75],"texture":"#0"}}},{"from":[10,1,5.25],"to":[12,4,7.25],"rotation":{"angle":0,"axis":"y","origin":[8,1.24843,6.49895]},"faces":{"north":{"uv":[8.75,1.25,9.25,2],"texture":"#0"},"east":{"uv":[3.5,9,4,9.75],"texture":"#0"},"south":{"uv":[8,9,8.5,9.75],"texture":"#0"},"west":{"uv":[8.75,9,9.25,9.75],"texture":"#0"},"up":{"uv":[6,2.75,5.5,2.25],"texture":"#0"},"down":{"uv":[6.75,2.25,6.25,2.75],"texture":"#0"}}},{"from":[8,1,5.25],"to":[10,4,7.25],"rotation":{"angle":0,"axis":"y","origin":[8,1.24843,6.49895]},"faces":{"north":{"uv":[9.5,1.25,10,2],"texture":"#0"},"east":{"uv":[9.5,2.25,10,3],"texture":"#0"},"south":{"uv":[9.5,3.25,10,4],"texture":"#0"},"west":{"uv":[9.5,4.25,10,5],"texture":"#0"},"up":{"uv":[10.75,10.5,10.25,10],"texture":"#0"},"down":{"uv":[11.25,0,10.75,0.5],"texture":"#0"}}},{"from":[6,1,5.25],"to":[8,4,7.25],"rotation":{"angle":0,"axis":"y","origin":[8,1.24843,6.49895]},"faces":{"north":{"uv":[9.5,5.25,10,6],"texture":"#0"},"east":{"uv":[9.5,6.25,10,7],"texture":"#0"},"south":{"uv":[9.5,7.25,10,8],"texture":"#0"},"west":{"uv":[9.5,8.25,10,9],"texture":"#0"},"up":{"uv":[4.75,11.25,4.25,10.75],"texture":"#0"},"down":{"uv":[5.5,10.75,5,11.25],"texture":"#0"}}},{"from":[4,1,5.25],"to":[6,4,7.25],"rotation":{"angle":0,"axis":"y","origin":[8,1.24843,6.49895]},"faces":{"north":{"uv":[9.5,9.25,10,10],"texture":"#0"},"east":{"uv":[4.25,9.75,4.75,10.5],"texture":"#0"},"south":{"uv":[5,9.75,5.5,10.5],"texture":"#0"},"west":{"uv":[0,10,0.5,10.75],"texture":"#0"},"up":{"uv":[10.75,11.25,10.25,10.75],"texture":"#0"},"down":{"uv":[0.5,11,0,11.5],"texture":"#0"}}},{"from":[4,1,10.25],"to":[6,4,12.25],"rotation":{"angle":0,"axis":"y","origin":[8,8,8]},"faces":{"north":{"uv":[7.25,10.25,7.75,11],"texture":"#0"},"east":{"uv":[10.25,8,10.75,8.75],"texture":"#0"},"south":{"uv":[10.25,9,10.75,9.75],"texture":"#0"},"west":{"uv":[9.5,10.25,10,11],"texture":"#0"},"up":{"uv":[11.5,5.75,11,5.25],"texture":"#0"},"down":{"uv":[11.5,6,11,6.5],"texture":"#0"}}},{"from":[4,0.99686,7.2479],"to":[6,2.99686,10.2479],"rotation":{"angle":0,"axis":"x","origin":[8,-0.00314,6.7479]},"faces":{"north":{"uv":[11.5,4.25,11,3.75],"rotation":180,"texture":"#0"},"east":{"uv":[10.25,6,10.75,6.75],"rotation":90,"texture":"#0"},"south":{"uv":[11.5,4.5,11,5],"texture":"#0"},"west":{"uv":[10.25,7,10.75,7.75],"rotation":270,"texture":"#0"},"up":{"uv":[6.5,10.25,7,11],"texture":"#0"},"down":{"uv":[5.75,10.25,6.25,11],"rotation":180,"texture":"#0"}}},{"from":[6,0.99686,7.2479],"to":[8,2.99686,10.2479],"rotation":{"angle":0,"axis":"x","origin":[8,-0.00314,6.7479]},"faces":{"north":{"uv":[3.5,11.5,3,11],"rotation":180,"texture":"#0"},"east":{"uv":[10.25,3,10.75,3.75],"rotation":90,"texture":"#0"},"south":{"uv":[11.5,3,11,3.5],"texture":"#0"},"west":{"uv":[10.25,5,10.75,5.75],"rotation":270,"texture":"#0"},"up":{"uv":[10.25,4,10.75,4.75],"texture":"#0"},"down":{"uv":[2.25,10.25,2.75,11],"rotation":180,"texture":"#0"}}},{"from":[8,0.99686,7.2479],"to":[10,2.99686,10.2479],"rotation":{"angle":0,"axis":"x","origin":[8,-0.00314,6.7479]},"faces":{"north":{"uv":[11.5,2,11,1.5],"rotation":180,"texture":"#0"},"east":{"uv":[10.25,1,10.75,1.75],"rotation":90,"texture":"#0"},"south":{"uv":[11.5,2.25,11,2.75],"texture":"#0"},"west":{"uv":[10.25,2,10.75,2.75],"rotation":270,"texture":"#0"},"up":{"uv":[1.5,10.25,2,11],"texture":"#0"},"down":{"uv":[8.75,10,9.25,10.75],"rotation":180,"texture":"#0"}}},{"from":[10,0.99686,7.2479],"to":[12,2.99686,10.2479],"rotation":{"angle":0,"axis":"x","origin":[8,-0.00314,6.7479]},"faces":{"north":{"uv":[1.25,11.5,0.75,11],"rotation":180,"texture":"#0"},"east":{"uv":[0.75,10,1.25,10.75],"rotation":90,"texture":"#0"},"south":{"uv":[11.5,0.75,11,1.25],"texture":"#0"},"west":{"uv":[8,10,8.5,10.75],"rotation":270,"texture":"#0"},"up":{"uv":[3.5,10,4,10.75],"texture":"#0"},"down":{"uv":[10,0,10.5,0.75],"rotation":180,"texture":"#0"}}},{"from":[5,12,5.25],"to":[11,16,12.25],"rotation":{"angle":0,"axis":"y","origin":[8,8,8]},"faces":{"north":{"uv":[1.75,9,3.25,10],"texture":"#0"},"east":{"uv":[3.5,7.75,1.75,8.75],"texture":"#0"},"south":{"uv":[6.25,9,7.75,10],"texture":"#0"},"west":{"uv":[1.75,7.75,3.5,8.75],"texture":"#0"},"up":{"uv":[6,9.5,4.5,7.75],"texture":"#0"},"down":{"uv":[1.5,7.75,0,9.75],"texture":"#0"}}}],"gui_light":"front","display":{"thirdperson_righthand":{"rotation":[90,-90,0],"translation":[0.5,-2,2.75],"scale":[0.9,0.9,0.9]},"thirdperson_lefthand":{"rotation":[90,-90,0],"translation":[0.5,-2,2.75],"scale":[0.9,0.9,0.9]},"firstperson_righthand":{"rotation":[96,3,-8],"translation":[1.25,2,1],"scale":[0.9,0.9,0.9]},"firstperson_lefthand":{"rotation":[96,3,-8],"translation":[1.25,2,1],"scale":[0.9,0.9,0.9]},"ground":{"rotation":[90,0,0],"scale":[0.9,0.9,0.9]},"gui":{"rotation":[0,180,0],"translation":[0,-1,0],"scale":[0.75,0.75,0.75]},"fixed":{"scale":[0.9,0.9,0.9]}}}