{"credit":"Made by samus2002","texture_size":[128,128],"textures":{"0":"martial_artist:martial_artist_texture/multi_strike_shadow","1":"martial_artist:martial_artist_texture/martial_artist_shadow_gauntlet","particle":"martial_artist:martial_artist_texture/martial_artist_shadow_gauntlet"},"elements":[{"name":"body","from":[4.725,10.5,9.25],"to":[12.725,22.5,13.25],"rotation":{"angle":22.5,"axis":"x","origin":[8.725,16.5,9.25]},"faces":{"north":{"uv":[2.5,3,2.75,2.5],"texture":"#0"},"east":{"uv":[2.5,3,2.75,2.5],"texture":"#0"},"south":{"uv":[2.5,3,2.75,2.5],"texture":"#0"},"west":{"uv":[2.5,3,2.75,2.5],"texture":"#0"},"up":{"uv":[2.5,3,2.75,2.5],"texture":"#0"},"down":{"uv":[2.5,3,2.75,2.5],"texture":"#0"}}},{"name":"head","from":[4.725,21.53198,8.15193],"to":[12.725,29.53198,16.15193],"rotation":{"angle":0,"axis":"y","origin":[8.725,26.53198,8.15193]},"faces":{"north":{"uv":[2.5,3,2.75,2.5],"texture":"#0"},"east":{"uv":[2.5,3,2.75,2.5],"texture":"#0"},"south":{"uv":[2.5,3,2.75,2.5],"texture":"#0"},"west":{"uv":[2.5,3,2.75,2.5],"texture":"#0"},"up":{"uv":[2.5,3,2.75,2.5],"texture":"#0"},"down":{"uv":[2.5,3,2.75,2.5],"texture":"#0"}}},{"name":"left_arm","from":[12.51348,17.9136,10.63747],"to":[16.51348,21.9136,16.63747],"rotation":{"angle":45,"axis":"y","origin":[16.51348,18.1636,14.63747]},"faces":{"north":{"uv":[2.75,3,2.5,2.5],"texture":"#0"},"east":{"uv":[2.75,3,2.5,2.5],"texture":"#0"},"south":{"uv":[2.75,3,2.5,2.5],"texture":"#0"},"west":{"uv":[2.75,3,2.5,2.5],"texture":"#0"},"up":{"uv":[2.75,3,2.5,2.5],"rotation":90,"texture":"#0"},"down":{"uv":[2.75,3,2.5,2.5],"rotation":270,"texture":"#0"}}},{"name":"left_arm4","from":[15.74285,17.9136,15.24004],"to":[21.74285,21.9136,19.24004],"rotation":{"angle":0,"axis":"x","origin":[19.42945,20.52659,17.32407]},"faces":{"north":{"uv":[2.75,3,2.5,2.5],"texture":"#0"},"east":{"uv":[2.75,3,2.5,2.5],"texture":"#0"},"south":{"uv":[2.75,3,2.5,2.5],"texture":"#0"},"west":{"uv":[2.75,3,2.5,2.5],"texture":"#0"},"up":{"uv":[2.5,2.5,2.75,3],"rotation":180,"texture":"#0"},"down":{"uv":[2.5,2.5,2.75,3],"rotation":180,"texture":"#0"}}},{"from":[16.06813,16.89485,13.96407],"to":[22.78813,22.77485,20.68407],"rotation":{"angle":0,"axis":"x","origin":[19.42945,20.52659,17.32407]},"faces":{"north":{"uv":[5.5,0,7.25,2],"rotation":90,"texture":"#1"},"east":{"uv":[9.25,2.5,7.25,4.25],"rotation":180,"texture":"#1"},"south":{"uv":[7.25,0,5.5,2],"rotation":270,"texture":"#1"},"west":{"uv":[4.25,7.5,2.25,5.75],"texture":"#1"},"up":{"uv":[7,5,5,3],"rotation":90,"texture":"#1"},"down":{"uv":[2,7.5,0,5.5],"rotation":90,"texture":"#1"}}},{"from":[20.93483,21.35906,8.92407],"to":[28.49483,21.35906,16.48407],"rotation":{"angle":22.5,"axis":"z","origin":[19.42945,20.52659,17.32407]},"faces":{"north":{"uv":[4,11,4,13.25],"rotation":90,"texture":"#1"},"east":{"uv":[13.25,7.5,11,7.5],"rotation":180,"texture":"#1"},"south":{"uv":[3.75,11,3.75,13.25],"rotation":270,"texture":"#1"},"west":{"uv":[13.25,7.25,11,7.25],"texture":"#1"},"up":{"uv":[2.25,5.25,0,3],"rotation":90,"texture":"#1"},"down":{"uv":[0,5.25,2.25,3],"rotation":90,"texture":"#1"}}},{"from":[11.18852,23.37259,8.08407],"to":[20.42852,23.37259,16.48407],"rotation":{"angle":22.5,"axis":"z","origin":[19.42945,20.52659,17.32407]},"faces":{"north":{"uv":[8.5,11,8.5,13.75],"rotation":90,"texture":"#1"},"east":{"uv":[13.5,10.75,11,10.75],"rotation":180,"texture":"#1"},"south":{"uv":[8.25,11,8.25,13.75],"rotation":270,"texture":"#1"},"west":{"uv":[13.5,10.5,11,10.5],"texture":"#1"},"up":{"uv":[2.5,2.75,0,0],"rotation":90,"texture":"#1"},"down":{"uv":[0,2.75,2.5,0],"rotation":90,"texture":"#1"}}},{"from":[20.93483,21.35906,18.16407],"to":[28.49483,21.35906,25.72407],"rotation":{"angle":22.5,"axis":"z","origin":[19.42945,20.52659,17.32407]},"faces":{"north":{"uv":[3.75,11,3.75,13.25],"rotation":90,"texture":"#1"},"east":{"uv":[11,7.5,13.25,7.5],"rotation":180,"texture":"#1"},"south":{"uv":[4,11,4,13.25],"rotation":270,"texture":"#1"},"west":{"uv":[11,7.25,13.25,7.25],"texture":"#1"},"up":{"uv":[0,5.25,2.25,3],"rotation":90,"texture":"#1"},"down":{"uv":[2.25,5.25,0,3],"rotation":90,"texture":"#1"}}},{"from":[11.18852,23.37259,18.16407],"to":[20.42852,23.37259,26.56407],"rotation":{"angle":22.5,"axis":"z","origin":[19.42945,20.52659,17.32407]},"faces":{"north":{"uv":[8.25,11,8.25,13.75],"rotation":90,"texture":"#1"},"east":{"uv":[11,10.75,13.5,10.75],"rotation":180,"texture":"#1"},"south":{"uv":[8.5,11,8.5,13.75],"rotation":270,"texture":"#1"},"west":{"uv":[11,10.5,13.5,10.5],"texture":"#1"},"up":{"uv":[0,2.75,2.5,0],"rotation":90,"texture":"#1"},"down":{"uv":[2.5,2.75,0,0],"rotation":90,"texture":"#1"}}},{"from":[22.78813,21.09485,19.00407],"to":[25.30813,22.77485,20.68407],"rotation":{"angle":0,"axis":"x","origin":[19.42945,20.52659,17.32407]},"faces":{"north":{"uv":[8.75,9,9.25,9.75],"rotation":90,"texture":"#1"},"east":{"uv":[6.75,2.25,6.25,2.75],"rotation":180,"texture":"#1"},"south":{"uv":[3.5,9,4,9.75],"rotation":270,"texture":"#1"},"west":{"uv":[6,2.75,5.5,2.25],"texture":"#1"},"up":{"uv":[9.25,2,8.75,1.25],"rotation":90,"texture":"#1"},"down":{"uv":[8.5,9.75,8,9],"rotation":90,"texture":"#1"}}},{"from":[22.78813,21.09485,17.32407],"to":[25.30813,22.77485,19.00407],"rotation":{"angle":0,"axis":"x","origin":[19.42945,20.52659,17.32407]},"faces":{"north":{"uv":[9.5,4.25,10,5],"rotation":90,"texture":"#1"},"east":{"uv":[11.25,0,10.75,0.5],"rotation":180,"texture":"#1"},"south":{"uv":[9.5,2.25,10,3],"rotation":270,"texture":"#1"},"west":{"uv":[10.75,10.5,10.25,10],"texture":"#1"},"up":{"uv":[10,2,9.5,1.25],"rotation":90,"texture":"#1"},"down":{"uv":[10,4,9.5,3.25],"rotation":90,"texture":"#1"}}},{"from":[22.78813,21.09485,15.64407],"to":[25.30813,22.77485,17.32407],"rotation":{"angle":0,"axis":"x","origin":[19.42945,20.52659,17.32407]},"faces":{"north":{"uv":[9.5,8.25,10,9],"rotation":90,"texture":"#1"},"east":{"uv":[5.5,10.75,5,11.25],"rotation":180,"texture":"#1"},"south":{"uv":[9.5,6.25,10,7],"rotation":270,"texture":"#1"},"west":{"uv":[4.75,11.25,4.25,10.75],"texture":"#1"},"up":{"uv":[10,6,9.5,5.25],"rotation":90,"texture":"#1"},"down":{"uv":[10,8,9.5,7.25],"rotation":90,"texture":"#1"}}},{"from":[22.78813,21.09485,13.96407],"to":[25.30813,22.77485,15.64407],"rotation":{"angle":0,"axis":"x","origin":[19.42945,20.52659,17.32407]},"faces":{"north":{"uv":[0,10,0.5,10.75],"rotation":90,"texture":"#1"},"east":{"uv":[0.5,11,0,11.5],"rotation":180,"texture":"#1"},"south":{"uv":[4.25,9.75,4.75,10.5],"rotation":270,"texture":"#1"},"west":{"uv":[10.75,11.25,10.25,10.75],"texture":"#1"},"up":{"uv":[10,10,9.5,9.25],"rotation":90,"texture":"#1"},"down":{"uv":[5.5,10.5,5,9.75],"rotation":90,"texture":"#1"}}},{"from":[22.78813,16.89485,13.96407],"to":[25.30813,18.57485,15.64407],"rotation":{"angle":0,"axis":"x","origin":[19.42945,20.52659,17.32407]},"faces":{"north":{"uv":[9.5,10.25,10,11],"rotation":90,"texture":"#1"},"east":{"uv":[11.5,6,11,6.5],"rotation":180,"texture":"#1"},"south":{"uv":[10.25,8,10.75,8.75],"rotation":270,"texture":"#1"},"west":{"uv":[11.5,5.75,11,5.25],"texture":"#1"},"up":{"uv":[7.75,11,7.25,10.25],"rotation":90,"texture":"#1"},"down":{"uv":[10.75,9.75,10.25,9],"rotation":90,"texture":"#1"}}},{"from":[23.63077,18.57661,13.96407],"to":[25.31077,21.09661,15.64407],"rotation":{"angle":0,"axis":"x","origin":[19.42945,20.52659,17.32407]},"faces":{"north":{"uv":[10.25,7,10.75,7.75],"texture":"#1"},"east":{"uv":[5.75,10.25,6.25,11],"texture":"#1"},"south":{"uv":[10.25,6,10.75,6.75],"texture":"#1"},"west":{"uv":[6.5,10.25,7,11],"texture":"#1"},"up":{"uv":[11,3.75,11.5,4.25],"rotation":270,"texture":"#1"},"down":{"uv":[11,5,11.5,4.5],"rotation":90,"texture":"#1"}}},{"from":[23.63077,18.57661,15.64407],"to":[25.31077,21.09661,17.32407],"rotation":{"angle":0,"axis":"x","origin":[19.42945,20.52659,17.32407]},"faces":{"north":{"uv":[10.25,5,10.75,5.75],"texture":"#1"},"east":{"uv":[2.25,10.25,2.75,11],"texture":"#1"},"south":{"uv":[10.25,3,10.75,3.75],"texture":"#1"},"west":{"uv":[10.25,4,10.75,4.75],"texture":"#1"},"up":{"uv":[3,11,3.5,11.5],"rotation":270,"texture":"#1"},"down":{"uv":[11,3.5,11.5,3],"rotation":90,"texture":"#1"}}},{"from":[23.63077,18.57661,17.32407],"to":[25.31077,21.09661,19.00407],"rotation":{"angle":0,"axis":"x","origin":[19.42945,20.52659,17.32407]},"faces":{"north":{"uv":[10.25,2,10.75,2.75],"texture":"#1"},"east":{"uv":[8.75,10,9.25,10.75],"texture":"#1"},"south":{"uv":[10.25,1,10.75,1.75],"texture":"#1"},"west":{"uv":[1.5,10.25,2,11],"texture":"#1"},"up":{"uv":[11,1.5,11.5,2],"rotation":270,"texture":"#1"},"down":{"uv":[11,2.75,11.5,2.25],"rotation":90,"texture":"#1"}}},{"from":[23.63077,18.57661,19.00407],"to":[25.31077,21.09661,20.68407],"rotation":{"angle":0,"axis":"x","origin":[19.42945,20.52659,17.32407]},"faces":{"north":{"uv":[8,10,8.5,10.75],"texture":"#1"},"east":{"uv":[10,0,10.5,0.75],"texture":"#1"},"south":{"uv":[0.75,10,1.25,10.75],"texture":"#1"},"west":{"uv":[3.5,10,4,10.75],"texture":"#1"},"up":{"uv":[0.75,11,1.25,11.5],"rotation":270,"texture":"#1"},"down":{"uv":[11,1.25,11.5,0.75],"rotation":90,"texture":"#1"}}},{"from":[12.70813,16.89485,14.80407],"to":[16.06813,22.77485,19.84407],"rotation":{"angle":0,"axis":"x","origin":[19.42945,20.52659,17.32407]},"faces":{"north":{"uv":[1.75,7.75,3.5,8.75],"rotation":90,"texture":"#1"},"east":{"uv":[1.5,7.75,0,9.75],"rotation":180,"texture":"#1"},"south":{"uv":[3.5,7.75,1.75,8.75],"rotation":270,"texture":"#1"},"west":{"uv":[6,9.5,4.5,7.75],"texture":"#1"},"up":{"uv":[3.25,10,1.75,9],"rotation":90,"texture":"#1"},"down":{"uv":[7.75,10,6.25,9],"rotation":90,"texture":"#1"}}},{"name":"left_arm","from":[1.58652,17.9136,10.63747],"to":[5.58652,21.9136,16.63747],"rotation":{"angle":-45,"axis":"y","origin":[1.58652,18.1636,14.63747]},"faces":{"north":{"uv":[2.5,3,2.75,2.5],"texture":"#0"},"east":{"uv":[2.5,3,2.75,2.5],"texture":"#0"},"south":{"uv":[2.5,3,2.75,2.5],"texture":"#0"},"west":{"uv":[2.5,3,2.75,2.5],"texture":"#0"},"up":{"uv":[2.75,2.5,2.5,3],"rotation":90,"texture":"#0"},"down":{"uv":[2.75,2.5,2.5,3],"rotation":270,"texture":"#0"}}},{"name":"left_arm5","from":[-3.64285,17.9136,15.24004],"to":[2.35715,21.9136,19.24004],"rotation":{"angle":0,"axis":"x","origin":[-1.32945,20.52659,17.32407]},"faces":{"north":{"uv":[2.5,3,2.75,2.5],"texture":"#0"},"east":{"uv":[2.5,3,2.75,2.5],"texture":"#0"},"south":{"uv":[2.5,3,2.75,2.5],"texture":"#0"},"west":{"uv":[2.5,3,2.75,2.5],"texture":"#0"},"up":{"uv":[2.75,2.5,2.5,3],"rotation":180,"texture":"#0"},"down":{"uv":[2.75,2.5,2.5,3],"rotation":180,"texture":"#0"}}},{"from":[-4.68813,16.89485,13.96407],"to":[2.03187,22.77485,20.68407],"rotation":{"angle":0,"axis":"x","origin":[-1.32945,20.52659,17.32407]},"faces":{"north":{"uv":[5.5,2,7.25,0],"rotation":90,"texture":"#1"},"east":{"uv":[2.25,7.5,4.25,5.75],"texture":"#1"},"south":{"uv":[7.25,2,5.5,0],"rotation":270,"texture":"#1"},"west":{"uv":[7.25,2.5,9.25,4.25],"rotation":180,"texture":"#1"},"up":{"uv":[7,3,5,5],"rotation":90,"texture":"#1"},"down":{"uv":[2,5.5,0,7.5],"rotation":90,"texture":"#1"}}},{"from":[-10.39483,21.35906,8.92407],"to":[-2.83483,21.35906,16.48407],"rotation":{"angle":-22.5,"axis":"z","origin":[-1.32945,20.52659,17.32407]},"faces":{"north":{"uv":[4,13.25,4,11],"rotation":90,"texture":"#1"},"east":{"uv":[11,7.25,13.25,7.25],"texture":"#1"},"south":{"uv":[3.75,13.25,3.75,11],"rotation":270,"texture":"#1"},"west":{"uv":[11,7.5,13.25,7.5],"rotation":180,"texture":"#1"},"up":{"uv":[2.25,3,0,5.25],"rotation":90,"texture":"#1"},"down":{"uv":[0,3,2.25,5.25],"rotation":90,"texture":"#1"}}},{"from":[-2.32852,23.37259,8.08407],"to":[6.91148,23.37259,16.48407],"rotation":{"angle":-22.5,"axis":"z","origin":[-1.32945,20.52659,17.32407]},"faces":{"north":{"uv":[8.5,13.75,8.5,11],"rotation":90,"texture":"#1"},"east":{"uv":[11,10.5,13.5,10.5],"texture":"#1"},"south":{"uv":[8.25,13.75,8.25,11],"rotation":270,"texture":"#1"},"west":{"uv":[11,10.75,13.5,10.75],"rotation":180,"texture":"#1"},"up":{"uv":[2.5,0,0,2.75],"rotation":90,"texture":"#1"},"down":{"uv":[0,0,2.5,2.75],"rotation":90,"texture":"#1"}}},{"from":[-10.39483,21.35906,18.16407],"to":[-2.83483,21.35906,25.72407],"rotation":{"angle":-22.5,"axis":"z","origin":[-1.32945,20.52659,17.32407]},"faces":{"north":{"uv":[3.75,13.25,3.75,11],"rotation":90,"texture":"#1"},"east":{"uv":[13.25,7.25,11,7.25],"texture":"#1"},"south":{"uv":[4,13.25,4,11],"rotation":270,"texture":"#1"},"west":{"uv":[13.25,7.5,11,7.5],"rotation":180,"texture":"#1"},"up":{"uv":[0,3,2.25,5.25],"rotation":90,"texture":"#1"},"down":{"uv":[2.25,3,0,5.25],"rotation":90,"texture":"#1"}}},{"from":[-2.32852,23.37259,18.16407],"to":[6.91148,23.37259,26.56407],"rotation":{"angle":-22.5,"axis":"z","origin":[-1.32945,20.52659,17.32407]},"faces":{"north":{"uv":[8.25,13.75,8.25,11],"rotation":90,"texture":"#1"},"east":{"uv":[13.5,10.5,11,10.5],"texture":"#1"},"south":{"uv":[8.5,13.75,8.5,11],"rotation":270,"texture":"#1"},"west":{"uv":[13.5,10.75,11,10.75],"rotation":180,"texture":"#1"},"up":{"uv":[0,0,2.5,2.75],"rotation":90,"texture":"#1"},"down":{"uv":[2.5,0,0,2.75],"rotation":90,"texture":"#1"}}},{"from":[-7.20813,21.09485,19.00407],"to":[-4.68813,22.77485,20.68407],"rotation":{"angle":0,"axis":"x","origin":[-1.32945,20.52659,17.32407]},"faces":{"north":{"uv":[8.75,9.75,9.25,9],"rotation":90,"texture":"#1"},"east":{"uv":[5.5,2.75,6,2.25],"texture":"#1"},"south":{"uv":[3.5,9.75,4,9],"rotation":270,"texture":"#1"},"west":{"uv":[6.25,2.25,6.75,2.75],"rotation":180,"texture":"#1"},"up":{"uv":[9.25,1.25,8.75,2],"rotation":90,"texture":"#1"},"down":{"uv":[8.5,9,8,9.75],"rotation":90,"texture":"#1"}}},{"from":[-7.20813,21.09485,17.32407],"to":[-4.68813,22.77485,19.00407],"rotation":{"angle":0,"axis":"x","origin":[-1.32945,20.52659,17.32407]},"faces":{"north":{"uv":[9.5,5,10,4.25],"rotation":90,"texture":"#1"},"east":{"uv":[10.25,10.5,10.75,10],"texture":"#1"},"south":{"uv":[9.5,3,10,2.25],"rotation":270,"texture":"#1"},"west":{"uv":[10.75,0,11.25,0.5],"rotation":180,"texture":"#1"},"up":{"uv":[10,1.25,9.5,2],"rotation":90,"texture":"#1"},"down":{"uv":[10,3.25,9.5,4],"rotation":90,"texture":"#1"}}},{"from":[-7.20813,21.09485,15.64407],"to":[-4.68813,22.77485,17.32407],"rotation":{"angle":0,"axis":"x","origin":[-1.32945,20.52659,17.32407]},"faces":{"north":{"uv":[9.5,9,10,8.25],"rotation":90,"texture":"#1"},"east":{"uv":[4.25,11.25,4.75,10.75],"texture":"#1"},"south":{"uv":[9.5,7,10,6.25],"rotation":270,"texture":"#1"},"west":{"uv":[5,10.75,5.5,11.25],"rotation":180,"texture":"#1"},"up":{"uv":[10,5.25,9.5,6],"rotation":90,"texture":"#1"},"down":{"uv":[10,7.25,9.5,8],"rotation":90,"texture":"#1"}}},{"from":[-7.20813,21.09485,13.96407],"to":[-4.68813,22.77485,15.64407],"rotation":{"angle":0,"axis":"x","origin":[-1.32945,20.52659,17.32407]},"faces":{"north":{"uv":[0,10.75,0.5,10],"rotation":90,"texture":"#1"},"east":{"uv":[10.25,11.25,10.75,10.75],"texture":"#1"},"south":{"uv":[4.25,10.5,4.75,9.75],"rotation":270,"texture":"#1"},"west":{"uv":[0,11,0.5,11.5],"rotation":180,"texture":"#1"},"up":{"uv":[10,9.25,9.5,10],"rotation":90,"texture":"#1"},"down":{"uv":[5.5,9.75,5,10.5],"rotation":90,"texture":"#1"}}},{"from":[-7.20813,16.89485,13.96407],"to":[-4.68813,18.57485,15.64407],"rotation":{"angle":0,"axis":"x","origin":[-1.32945,20.52659,17.32407]},"faces":{"north":{"uv":[9.5,11,10,10.25],"rotation":90,"texture":"#1"},"east":{"uv":[11,5.75,11.5,5.25],"texture":"#1"},"south":{"uv":[10.25,8.75,10.75,8],"rotation":270,"texture":"#1"},"west":{"uv":[11,6,11.5,6.5],"rotation":180,"texture":"#1"},"up":{"uv":[7.75,10.25,7.25,11],"rotation":90,"texture":"#1"},"down":{"uv":[10.75,9,10.25,9.75],"rotation":90,"texture":"#1"}}},{"from":[-7.21077,18.57661,13.96407],"to":[-5.53077,21.09661,15.64407],"rotation":{"angle":0,"axis":"x","origin":[-1.32945,20.52659,17.32407]},"faces":{"north":{"uv":[10.75,7,10.25,7.75],"texture":"#1"},"east":{"uv":[7,10.25,6.5,11],"texture":"#1"},"south":{"uv":[10.75,6,10.25,6.75],"texture":"#1"},"west":{"uv":[6.25,10.25,5.75,11],"texture":"#1"},"up":{"uv":[11,4.25,11.5,3.75],"rotation":270,"texture":"#1"},"down":{"uv":[11,4.5,11.5,5],"rotation":90,"texture":"#1"}}},{"from":[-7.21077,18.57661,15.64407],"to":[-5.53077,21.09661,17.32407],"rotation":{"angle":0,"axis":"x","origin":[-1.32945,20.52659,17.32407]},"faces":{"north":{"uv":[10.75,5,10.25,5.75],"texture":"#1"},"east":{"uv":[10.75,4,10.25,4.75],"texture":"#1"},"south":{"uv":[10.75,3,10.25,3.75],"texture":"#1"},"west":{"uv":[2.75,10.25,2.25,11],"texture":"#1"},"up":{"uv":[3,11.5,3.5,11],"rotation":270,"texture":"#1"},"down":{"uv":[11,3,11.5,3.5],"rotation":90,"texture":"#1"}}},{"from":[-7.21077,18.57661,17.32407],"to":[-5.53077,21.09661,19.00407],"rotation":{"angle":0,"axis":"x","origin":[-1.32945,20.52659,17.32407]},"faces":{"north":{"uv":[10.75,2,10.25,2.75],"texture":"#1"},"east":{"uv":[2,10.25,1.5,11],"texture":"#1"},"south":{"uv":[10.75,1,10.25,1.75],"texture":"#1"},"west":{"uv":[9.25,10,8.75,10.75],"texture":"#1"},"up":{"uv":[11,2,11.5,1.5],"rotation":270,"texture":"#1"},"down":{"uv":[11,2.25,11.5,2.75],"rotation":90,"texture":"#1"}}},{"from":[-7.21077,18.57661,19.00407],"to":[-5.53077,21.09661,20.68407],"rotation":{"angle":0,"axis":"x","origin":[-1.32945,20.52659,17.32407]},"faces":{"north":{"uv":[8.5,10,8,10.75],"texture":"#1"},"east":{"uv":[4,10,3.5,10.75],"texture":"#1"},"south":{"uv":[1.25,10,0.75,10.75],"texture":"#1"},"west":{"uv":[10.5,0,10,0.75],"texture":"#1"},"up":{"uv":[0.75,11.5,1.25,11],"rotation":270,"texture":"#1"},"down":{"uv":[11,0.75,11.5,1.25],"rotation":90,"texture":"#1"}}},{"from":[2.03187,16.89485,14.80407],"to":[5.39187,22.77485,19.84407],"rotation":{"angle":0,"axis":"x","origin":[-1.32945,20.52659,17.32407]},"faces":{"north":{"uv":[1.75,8.75,3.5,7.75],"rotation":90,"texture":"#1"},"east":{"uv":[4.5,9.5,6,7.75],"texture":"#1"},"south":{"uv":[3.5,8.75,1.75,7.75],"rotation":270,"texture":"#1"},"west":{"uv":[0,7.75,1.5,9.75],"rotation":180,"texture":"#1"},"up":{"uv":[3.25,9,1.75,10],"rotation":90,"texture":"#1"},"down":{"uv":[7.75,9,6.25,10],"rotation":90,"texture":"#1"}}},{"name":"left_leg","from":[8.825,3.93564,9.20139],"to":[12.825,9.93564,13.20139],"rotation":{"angle":-22.5,"axis":"x","origin":[9.01418,7.17948,8.081]},"faces":{"north":{"uv":[2.5,3,2.75,2.5],"texture":"#0"},"east":{"uv":[2.5,3,2.75,2.5],"texture":"#0"},"south":{"uv":[2.5,3,2.75,2.5],"texture":"#0"},"west":{"uv":[2.5,3,2.75,2.5],"texture":"#0"},"up":{"uv":[2.5,3,2.75,2.5],"texture":"#0"},"down":{"uv":[2.5,3,2.75,2.5],"texture":"#0"}}},{"name":"left_leg2","from":[8.825,5.82194,11.25155],"to":[12.825,9.82194,17.25155],"rotation":{"angle":22.5,"axis":"x","origin":[9.01418,7.17948,8.081]},"faces":{"north":{"uv":[2.5,3,2.75,2.5],"texture":"#0"},"east":{"uv":[2.5,3,2.75,2.5],"texture":"#0"},"south":{"uv":[2.5,3,2.75,2.5],"texture":"#0"},"west":{"uv":[2.5,3,2.75,2.5],"texture":"#0"},"up":{"uv":[2.5,3,2.75,2.5],"texture":"#0"},"down":{"uv":[2.5,3,2.75,2.5],"texture":"#0"}}},{"name":"left_leg","from":[4.7284,9.74707,7.21079],"to":[8.7284,13.74707,13.21079],"rotation":{"angle":-45,"axis":"x","origin":[5.78918,7.17948,12.081]},"faces":{"north":{"uv":[2.5,3,2.75,2.5],"rotation":180,"texture":"#0"},"east":{"uv":[2.75,2.5,2.5,3],"rotation":90,"texture":"#0"},"south":{"uv":[2.5,3,2.75,2.5],"texture":"#0"},"west":{"uv":[2.75,2.5,2.5,3],"rotation":270,"texture":"#0"},"up":{"uv":[2.5,3,2.75,2.5],"rotation":180,"texture":"#0"},"down":{"uv":[2.5,3,2.75,2.5],"texture":"#0"}}},{"name":"left_leg3","from":[4.70336,2.27214,4.13429],"to":[8.70336,8.27214,8.13429],"rotation":{"angle":0,"axis":"x","origin":[8.51418,7.17948,12.081]},"faces":{"north":{"uv":[2.5,3,2.75,2.5],"texture":"#0"},"east":{"uv":[2.5,3,2.75,2.5],"texture":"#0"},"south":{"uv":[2.5,3,2.75,2.5],"texture":"#0"},"west":{"uv":[2.5,3,2.75,2.5],"texture":"#0"},"up":{"uv":[2.5,3,2.75,2.5],"texture":"#0"},"down":{"uv":[2.5,3,2.75,2.5],"texture":"#0"}}}],"display":{"thirdperson_righthand":{"rotation":[90,0,0],"translation":[-6.25,-1,-6.75],"scale":[0.9,0.9,0.9]},"thirdperson_lefthand":{"rotation":[90,-90,0],"translation":[0.5,-2,2.75],"scale":[0.9,0.9,0.9]},"firstperson_righthand":{"rotation":[96,3,-8],"translation":[1.25,2,1],"scale":[0.9,0.9,0.9]},"firstperson_lefthand":{"rotation":[96,3,-8],"translation":[1.25,2,1],"scale":[0.9,0.9,0.9]},"ground":{"rotation":[90,0,0],"scale":[0.9,0.9,0.9]},"gui":{"rotation":[0,180,0],"translation":[0,-1,0],"scale":[0.75,0.75,0.75]},"head":{"translation":[-0.25,-35.25,-2.25],"scale":[1.7,1.7,1.7]},"fixed":{"scale":[0.9,0.9,0.9]}}}