{"credit":"Made with Blockbench","textures":{"0":"doombringer_axe:doombringer_axe_texture/inferno_orb_a","particle":"doombringer_axe:doombringer_axe_texture/inferno_orb_a"},"elements":[{"from":[-13.5,-13.5,8],"to":[29.5,29.5,8],"rotation":{"angle":0,"axis":"y","origin":[8,8,8]},"faces":{"north":{"uv":[0.032,0.032,15.968,15.968],"texture":"#0"},"east":{"uv":[3.032,5.032,6.5,9.5],"texture":"#0"},"south":{"uv":[15.968,0.032,0.032,15.968],"texture":"#0"},"west":{"uv":[3.032,5.032,6.5,9.5],"texture":"#0"},"up":{"uv":[3.032,5.032,6.5,9.5],"texture":"#0"},"down":{"uv":[3.032,5.032,6.5,9.5],"texture":"#0"}}},{"from":[8,-13.5,-13.5],"to":[8,29.5,29.5],"rotation":{"angle":0,"axis":"y","origin":[8,8,8]},"faces":{"north":{"uv":[3.032,5.032,6.5,9.5],"texture":"#0"},"east":{"uv":[0.032,0.032,15.968,15.968],"texture":"#0"},"south":{"uv":[3.032,5.032,6.5,9.5],"texture":"#0"},"west":{"uv":[15.968,0.032,0.032,15.968],"texture":"#0"},"up":{"uv":[3.032,5.032,6.5,9.5],"rotation":90,"texture":"#0"},"down":{"uv":[3.032,5.032,6.5,9.5],"rotation":270,"texture":"#0"}}}],"display":{"head":{"rotation":[0,90,0],"translation":[0,-8.5,-1.25],"scale":[1.3,1.3,1.3]}}}