{"credit":"Made with Blockbench","textures":{"0":"doombringer_axe:doombringer_axe_texture/darkflame_01_texture","1":"doombringer_axe:doombringer_axe_texture/darkflame_animation_01texture","2":"doombringer_axe:doombringer_axe_texture/drakflame_animation_02texture","3":"doombringer_axe:doombringer_axe_texture/wings1","particle":"doombringer_axe:doombringer_axe_texture/darkflame_01_texture"},"elements":[{"from":[6.75,1,7],"to":[8.25,3,9],"rotation":{"angle":0,"axis":"y","origin":[7.5,2.44936,8]},"faces":{"north":{"uv":[0,2.25,0.5,2.75],"texture":"#0"},"east":{"uv":[0,2.25,0.5,2.75],"texture":"#0"},"south":{"uv":[0,2.25,0.5,2.75],"texture":"#0"},"west":{"uv":[0,2.25,0.5,2.75],"texture":"#0"},"up":{"uv":[0,2.75,0.5,3.125],"rotation":90,"texture":"#0"},"down":{"uv":[0,2.75,0.5,3.125],"rotation":270,"texture":"#0"}}},{"from":[6.75,4,7],"to":[8.25,6,9],"rotation":{"angle":0,"axis":"y","origin":[7.5,2.44936,8]},"faces":{"north":{"uv":[0,2.25,0.5,2.75],"texture":"#0"},"east":{"uv":[0,2.25,0.5,2.75],"texture":"#0"},"south":{"uv":[0,2.25,0.5,2.75],"texture":"#0"},"west":{"uv":[0,2.25,0.5,2.75],"texture":"#0"},"up":{"uv":[0,2.75,0.5,3.125],"rotation":90,"texture":"#0"},"down":{"uv":[0,2.75,0.5,3.125],"rotation":270,"texture":"#0"}}},{"from":[6.25,3,6.5],"to":[8.75,5,9.5],"rotation":{"angle":0,"axis":"y","origin":[7.5,2.44936,8]},"faces":{"north":{"uv":[0.5,2.25,1.25,2.75],"texture":"#0"},"east":{"uv":[0.5,2.25,1.25,2.75],"texture":"#0"},"south":{"uv":[0.5,2.25,1.25,2.75],"texture":"#0"},"west":{"uv":[0.5,2.25,1.25,2.75],"texture":"#0"},"up":{"uv":[0.5,2.75,1.25,3.375],"rotation":90,"texture":"#0"},"down":{"uv":[0.5,2.75,1.25,3.375],"rotation":270,"texture":"#0"}}},{"from":[6.75,7,7],"to":[8.25,9,9],"rotation":{"angle":0,"axis":"y","origin":[7.5,2.44936,8]},"faces":{"north":{"uv":[0,2.25,0.5,2.75],"texture":"#0"},"east":{"uv":[0,2.25,0.5,2.75],"texture":"#0"},"south":{"uv":[0,2.25,0.5,2.75],"texture":"#0"},"west":{"uv":[0,2.25,0.5,2.75],"texture":"#0"},"up":{"uv":[0,2.75,0.5,3.125],"rotation":90,"texture":"#0"},"down":{"uv":[0,2.75,0.5,3.125],"rotation":270,"texture":"#0"}}},{"from":[6.25,6,6.5],"to":[8.75,8,9.5],"rotation":{"angle":0,"axis":"y","origin":[7.5,2.44936,8]},"faces":{"north":{"uv":[0.5,2.25,1.25,2.75],"texture":"#0"},"east":{"uv":[0.5,2.25,1.25,2.75],"texture":"#0"},"south":{"uv":[0.5,2.25,1.25,2.75],"texture":"#0"},"west":{"uv":[0.5,2.25,1.25,2.75],"texture":"#0"},"up":{"uv":[0.5,2.75,1.25,3.375],"rotation":90,"texture":"#0"},"down":{"uv":[0.5,2.75,1.25,3.375],"rotation":270,"texture":"#0"}}},{"from":[6.3,0,6.75],"to":[8.7,2,9.25],"rotation":{"angle":0,"axis":"y","origin":[7.5,2.44936,8]},"faces":{"north":{"uv":[1.5,1.75,2,2.25],"texture":"#0"},"east":{"uv":[1.5,1.75,2,2.25],"texture":"#0"},"south":{"uv":[1.5,1.75,2,2.25],"texture":"#0"},"west":{"uv":[1.5,1.75,2,2.25],"texture":"#0"},"up":{"uv":[0,3.5,0.5,4],"rotation":90,"texture":"#0"},"down":{"uv":[0,3.5,0.5,4],"rotation":270,"texture":"#0"}}},{"from":[6.3,-9,6.75],"to":[8.7,-7,9.25],"rotation":{"angle":0,"axis":"y","origin":[7.5,2.44936,8]},"faces":{"north":{"uv":[1.5,1.75,2,2.25],"texture":"#0"},"east":{"uv":[1.5,1.75,2,2.25],"texture":"#0"},"south":{"uv":[1.5,1.75,2,2.25],"texture":"#0"},"west":{"uv":[1.5,1.75,2,2.25],"texture":"#0"},"up":{"uv":[0,3.5,0.5,4],"rotation":90,"texture":"#0"},"down":{"uv":[0,3.5,0.5,4],"rotation":270,"texture":"#0"}}},{"from":[6.5,-13,7],"to":[8.5,-11,9],"rotation":{"angle":0,"axis":"y","origin":[7.5,2.44936,8]},"faces":{"north":{"uv":[1.5,1.75,2,2.25],"texture":"#0"},"east":{"uv":[1.5,1.75,2,2.25],"texture":"#0"},"south":{"uv":[1.5,1.75,2,2.25],"texture":"#0"},"west":{"uv":[1.5,1.75,2,2.25],"texture":"#0"},"up":{"uv":[0,3.5,0.5,4],"rotation":90,"texture":"#0"},"down":{"uv":[0,3.5,0.5,4],"rotation":270,"texture":"#0"}}},{"from":[6.25,12,17.5],"to":[8.75,14,19.5],"rotation":{"angle":-45,"axis":"x","origin":[7.5,2.44936,8]},"faces":{"north":{"uv":[2,1.5,2.625,1],"texture":"#0"},"east":{"uv":[1.625,2.25,2.125,2.75],"texture":"#0"},"south":{"uv":[2,1,2.625,1.5],"texture":"#0"},"west":{"uv":[2.125,2.25,1.625,2.75],"texture":"#0"},"up":{"uv":[1.625,2.75,2.125,3.375],"rotation":90,"texture":"#0"},"down":{"uv":[2.125,2.75,1.625,3.375],"rotation":270,"texture":"#0"}}},{"from":[6.25,-9.97499,-4.42435],"to":[8.75,-7.97499,-2.42435],"rotation":{"angle":-45,"axis":"x","origin":[7.5,2.44936,8]},"faces":{"north":{"uv":[2,1.5,2.625,1],"texture":"#0"},"east":{"uv":[1.625,2.25,2.125,2.75],"texture":"#0"},"south":{"uv":[2,1,2.625,1.5],"texture":"#0"},"west":{"uv":[2.125,2.25,1.625,2.75],"texture":"#0"},"up":{"uv":[1.625,2.75,2.125,3.375],"rotation":90,"texture":"#0"},"down":{"uv":[2.125,2.75,1.625,3.375],"rotation":270,"texture":"#0"}}},{"from":[6.8,-6,7.3],"to":[8.1,0,8.6],"rotation":{"angle":0,"axis":"y","origin":[7.5,2.44936,8]},"faces":{"north":{"uv":[1.25,2.25,1.625,3.5],"texture":"#0"},"east":{"uv":[1.25,2.25,1.625,3.5],"texture":"#0"},"south":{"uv":[1.25,2.25,1.625,3.5],"texture":"#0"},"west":{"uv":[1.25,2.25,1.625,3.5],"texture":"#0"},"up":{"uv":[0,3.125,0.375,3.5],"rotation":90,"texture":"#0"},"down":{"uv":[0,3.125,0.375,3.5],"rotation":270,"texture":"#0"}}},{"from":[6.8,-10,7.3],"to":[8.1,-5,8.6],"rotation":{"angle":0,"axis":"y","origin":[7.5,2.44936,8]},"faces":{"north":{"uv":[1.25,2.25,1.625,3.5],"texture":"#0"},"east":{"uv":[1.25,2.25,1.625,3.5],"texture":"#0"},"south":{"uv":[1.25,2.25,1.625,3.5],"texture":"#0"},"west":{"uv":[1.25,2.25,1.625,3.5],"texture":"#0"},"up":{"uv":[0,3.125,0.375,3.5],"rotation":90,"texture":"#0"},"down":{"uv":[0,3.125,0.375,3.5],"rotation":270,"texture":"#0"}}},{"from":[6.8,-12,7.3],"to":[8.1,-7,8.6],"rotation":{"angle":0,"axis":"y","origin":[7.5,2.44936,8]},"faces":{"north":{"uv":[1.25,2.25,1.625,3.5],"texture":"#0"},"east":{"uv":[1.25,2.25,1.625,3.5],"texture":"#0"},"south":{"uv":[1.25,2.25,1.625,3.5],"texture":"#0"},"west":{"uv":[1.25,2.25,1.625,3.5],"texture":"#0"},"up":{"uv":[0,3.125,0.375,3.5],"rotation":90,"texture":"#0"},"down":{"uv":[0,3.125,0.375,3.5],"rotation":270,"texture":"#0"}}},{"from":[6.5,-1,7],"to":[8.5,1,9],"rotation":{"angle":0,"axis":"y","origin":[7.5,2.44936,8]},"faces":{"north":{"uv":[1.5,1.75,2,2.25],"texture":"#0"},"east":{"uv":[1.5,1.75,2,2.25],"texture":"#0"},"south":{"uv":[1.5,1.75,2,2.25],"texture":"#0"},"west":{"uv":[1.5,1.75,2,2.25],"texture":"#0"},"up":{"uv":[0,3.5,0.5,4],"rotation":90,"texture":"#0"},"down":{"uv":[0,3.5,0.5,4],"rotation":270,"texture":"#0"}}},{"from":[7.3,1.81632,-6.99177],"to":[7.3,11.81632,1.00823],"rotation":{"angle":22.5,"axis":"x","origin":[7.5,2.44936,8]},"faces":{"east":{"uv":[8,0,0,10],"texture":"#2"},"west":{"uv":[0,0,8,10],"texture":"#2"}}},{"from":[7.3,1.43364,14.91564],"to":[7.3,11.43364,22.91564],"rotation":{"angle":-22.5,"axis":"x","origin":[7.5,2.44936,8]},"faces":{"east":{"uv":[0,0,8,10],"texture":"#2"},"west":{"uv":[8,0,0,10],"texture":"#2"}}},{"from":[7.7,1.43364,14.91564],"to":[7.7,11.43364,22.91564],"rotation":{"angle":-22.5,"axis":"x","origin":[7.5,2.44936,8]},"faces":{"east":{"uv":[0,0,8,10],"texture":"#2"},"west":{"uv":[8,0,0,10],"texture":"#2"}}},{"from":[7.2,8.25085,6.1446],"to":[7.8,9.25085,6.6446],"rotation":{"angle":45,"axis":"x","origin":[7.5,2.44936,8]},"faces":{"north":{"uv":[5.875,1.5,6.125,1.65],"rotation":90,"texture":"#0"},"east":{"uv":[5.875,1.375,6.125,1.5],"rotation":90,"texture":"#0"},"south":{"uv":[5.875,1.5,6.125,1.65],"rotation":90,"texture":"#0"},"west":{"uv":[5.875,1.375,6.125,1.5],"rotation":90,"texture":"#0"},"up":{"uv":[5.875,1.75,6.025,1.875],"rotation":180,"texture":"#0"},"down":{"uv":[5.875,1.75,6.025,1.875],"texture":"#0"}}},{"from":[7.1,8.2,11.4],"to":[7.9,9.7,12.4],"rotation":{"angle":0,"axis":"y","origin":[7.5,2.44936,8]},"faces":{"north":{"uv":[5.875,0.875,6.25,1.075],"rotation":90,"texture":"#0"},"east":{"uv":[5.875,0.875,6.25,0.625],"rotation":90,"texture":"#0"},"south":{"uv":[5.875,0.875,6.25,1.075],"rotation":90,"texture":"#0"},"west":{"uv":[5.875,0.625,6.25,0.875],"rotation":90,"texture":"#0"},"up":{"uv":[5.75,1.125,5.95,1.375],"rotation":180,"texture":"#0"},"down":{"uv":[5.75,1.125,5.95,1.375],"texture":"#0"}}},{"from":[7,9.55085,4.0446],"to":[8,11.05085,6.0446],"rotation":{"angle":45,"axis":"x","origin":[7.5,2.44936,8]},"faces":{"north":{"uv":[5.5,3.125,5.75,3.5],"texture":"#0"},"east":{"uv":[5.5,3.125,5,3.5],"texture":"#0"},"south":{"uv":[5.5,3.125,5.75,3.5],"texture":"#0"},"west":{"uv":[5,3.125,5.5,3.5],"texture":"#0"},"up":{"uv":[5,3.5,5.5,3.75],"rotation":90,"texture":"#0"},"down":{"uv":[5,3.5,5.5,3.75],"rotation":270,"texture":"#0"}}},{"from":[6.5,9.5,7.8],"to":[8.5,11.5,11.3],"rotation":{"angle":0,"axis":"y","origin":[7.5,2.44936,8]},"faces":{"north":{"uv":[3.0625,3.625,3.5625,4.125],"texture":"#0"},"east":{"uv":[4.125,3.125,3.25,3.625],"texture":"#0"},"south":{"uv":[3.625,3.625,4.125,4.125],"texture":"#0"},"west":{"uv":[3.25,3.125,4.125,3.625],"texture":"#0"},"up":{"uv":[4.125,3.125,5,3.625],"rotation":90,"texture":"#0"},"down":{"uv":[4.125,3.125,5,3.625],"rotation":270,"texture":"#0"}}},{"from":[6.5,9.5,4.7],"to":[8.5,11.5,8.2],"rotation":{"angle":0,"axis":"y","origin":[7.5,2.44936,8]},"faces":{"north":{"uv":[4.125,3.625,3.625,4.125],"texture":"#0"},"east":{"uv":[3.25,3.125,4.125,3.625],"texture":"#0"},"south":{"uv":[3.5625,3.625,3.0625,4.125],"texture":"#0"},"west":{"uv":[4.125,3.125,3.25,3.625],"texture":"#0"},"up":{"uv":[5,3.125,4.125,3.625],"rotation":90,"texture":"#0"},"down":{"uv":[5,3.125,4.125,3.625],"rotation":270,"texture":"#0"}}},{"from":[7,9.55085,9.9554],"to":[8,11.05085,11.9554],"rotation":{"angle":-45,"axis":"x","origin":[7.5,2.44936,8]},"faces":{"north":{"uv":[5.75,3.125,5.5,3.5],"texture":"#0"},"east":{"uv":[5,3.125,5.5,3.5],"texture":"#0"},"south":{"uv":[5.75,3.125,5.5,3.5],"texture":"#0"},"west":{"uv":[5.5,3.125,5,3.5],"texture":"#0"},"up":{"uv":[5.5,3.5,5,3.75],"rotation":90,"texture":"#0"},"down":{"uv":[5.5,3.5,5,3.75],"rotation":270,"texture":"#0"}}},{"from":[7.1,8.2,3.6],"to":[7.9,9.7,4.6],"rotation":{"angle":0,"axis":"y","origin":[7.5,2.44936,8]},"faces":{"north":{"uv":[5.875,1.075,6.25,0.875],"rotation":90,"texture":"#0"},"east":{"uv":[5.875,0.625,6.25,0.875],"rotation":90,"texture":"#0"},"south":{"uv":[5.875,1.075,6.25,0.875],"rotation":90,"texture":"#0"},"west":{"uv":[5.875,0.875,6.25,0.625],"rotation":90,"texture":"#0"},"up":{"uv":[5.75,1.375,5.95,1.125],"rotation":180,"texture":"#0"},"down":{"uv":[5.75,1.375,5.95,1.125],"texture":"#0"}}},{"from":[7.2,8.25085,9.3554],"to":[7.8,9.25085,9.8554],"rotation":{"angle":-45,"axis":"x","origin":[7.5,2.44936,8]},"faces":{"north":{"uv":[5.875,1.65,6.125,1.5],"rotation":90,"texture":"#0"},"east":{"uv":[5.875,1.5,6.125,1.375],"rotation":90,"texture":"#0"},"south":{"uv":[5.875,1.65,6.125,1.5],"rotation":90,"texture":"#0"},"west":{"uv":[5.875,1.5,6.125,1.375],"rotation":90,"texture":"#0"},"up":{"uv":[5.875,1.875,6.025,1.75],"rotation":180,"texture":"#0"},"down":{"uv":[5.875,1.875,6.025,1.75],"texture":"#0"}}},{"from":[7.7,1.81632,-6.99177],"to":[7.7,11.81632,1.00823],"rotation":{"angle":22.5,"axis":"x","origin":[7.5,2.44936,8]},"faces":{"east":{"uv":[8,0,0,10],"texture":"#2"},"west":{"uv":[0,0,8,10],"texture":"#2"}}},{"from":[6.6,14,5.5],"to":[8.6,15,10.5],"rotation":{"angle":0,"axis":"y","origin":[7.5,2.44936,8]},"faces":{"north":{"uv":[3.25,3.125,2.75,3.375],"texture":"#0"},"east":{"uv":[2.9375,3.3875,1.6875,3.6375],"texture":"#0"},"south":{"uv":[3.25,3.125,2.75,3.375],"texture":"#0"},"west":{"uv":[2.9375,3.3875,1.6875,3.6375],"texture":"#0"},"up":{"uv":[2.875,4.125,1.625,3.625],"rotation":90,"texture":"#0"},"down":{"uv":[2.875,4.125,1.625,3.625],"rotation":270,"texture":"#0"}}},{"from":[6.1,14,6.5],"to":[9.1,16,9.5],"rotation":{"angle":0,"axis":"y","origin":[7.5,2.44936,8]},"faces":{"north":{"uv":[0.75,1.75,0,2.25],"texture":"#0"},"east":{"uv":[0.8125,1.0125,0.0625,1.5125],"texture":"#0"},"south":{"uv":[0.75,1.75,0,2.25],"texture":"#0"},"west":{"uv":[0.8125,1.0125,0.0625,1.5125],"texture":"#0"},"up":{"uv":[2.4375,4.875,1.6875,4.125],"rotation":90,"texture":"#0"},"down":{"uv":[1.25,4.125,0.5,3.375],"rotation":270,"texture":"#0"}}},{"from":[5.4,10,5.25],"to":[5.4,14,10.75],"rotation":{"angle":0,"axis":"y","origin":[7.5,2.44936,8]},"faces":{"east":{"uv":[0,0,11,8],"texture":"#1"},"west":{"uv":[0,0,11,8],"texture":"#1"}}},{"from":[5,11.5,7.75],"to":[5.5,13,8.25],"rotation":{"angle":0,"axis":"y","origin":[7.5,2.44936,8]},"faces":{"north":{"uv":[1.375,3.875,1.5,3.5],"texture":"#0"},"east":{"uv":[1.25,3.875,1.375,3.5],"texture":"#0"},"south":{"uv":[1.375,3.875,1.5,3.5],"texture":"#0"},"west":{"uv":[1.5,3.875,1.625,3.5],"texture":"#0"},"up":{"uv":[1.25,3.875,1.375,4],"rotation":90,"texture":"#0"},"down":{"uv":[1.25,3.875,1.375,4],"rotation":270,"texture":"#0"}}},{"from":[5,11,7.25],"to":[5.5,11.5,8.75],"rotation":{"angle":0,"axis":"y","origin":[7.5,2.44936,8]},"faces":{"north":{"uv":[1.25,3.875,1.375,4],"rotation":90,"texture":"#0"},"east":{"uv":[1.375,3.5,1.25,3.875],"rotation":90,"texture":"#0"},"south":{"uv":[1.25,3.875,1.375,4],"rotation":90,"texture":"#0"},"west":{"uv":[1.375,3.5,1.25,3.875],"rotation":270,"texture":"#0"},"up":{"uv":[1.375,3.875,1.5,3.5],"rotation":180,"texture":"#0"},"down":{"uv":[1.375,3.875,1.5,3.5],"texture":"#0"}}},{"from":[5,10,5.25],"to":[5.5,11,10.75],"rotation":{"angle":0,"axis":"y","origin":[7.5,2.44936,8]},"faces":{"north":{"uv":[1.5,4.375,1.375,4.125],"texture":"#0"},"east":{"uv":[1.375,4.375,0,4.125],"texture":"#0"},"south":{"uv":[1.5,4.375,1.375,4.125],"texture":"#0"},"west":{"uv":[1.375,4.375,0,4.125],"texture":"#0"},"up":{"uv":[1.375,4.375,0,4.5],"rotation":90,"texture":"#0"},"down":{"uv":[1.375,4.375,0,4.5],"rotation":270,"texture":"#0"}}},{"from":[5,11,10.25],"to":[5.5,12.5,10.75],"rotation":{"angle":0,"axis":"y","origin":[7.5,2.44936,8]},"faces":{"north":{"uv":[1.5,3.875,1.375,3.5],"texture":"#0"},"east":{"uv":[1.375,3.875,1.25,3.5],"texture":"#0"},"south":{"uv":[1.5,3.875,1.375,3.5],"texture":"#0"},"west":{"uv":[1.375,3.875,1.25,3.5],"texture":"#0"},"up":{"uv":[1.375,3.875,1.25,4],"rotation":90,"texture":"#0"},"down":{"uv":[1.375,3.875,1.25,4],"rotation":270,"texture":"#0"}}},{"from":[5,11,5.25],"to":[5.5,12.5,5.75],"rotation":{"angle":0,"axis":"y","origin":[7.5,2.44936,8]},"faces":{"north":{"uv":[1.375,3.875,1.5,3.5],"texture":"#0"},"east":{"uv":[1.25,3.875,1.375,3.5],"texture":"#0"},"south":{"uv":[1.375,3.875,1.5,3.5],"texture":"#0"},"west":{"uv":[1.25,3.875,1.375,3.5],"texture":"#0"},"up":{"uv":[1.25,3.875,1.375,4],"rotation":90,"texture":"#0"},"down":{"uv":[1.25,3.875,1.375,4],"rotation":270,"texture":"#0"}}},{"from":[5.5,10,5.25],"to":[9.5,14,10.75],"rotation":{"angle":0,"axis":"y","origin":[7.5,2.44936,8]},"faces":{"north":{"uv":[1.375,1,2.375,0],"texture":"#0"},"east":{"uv":[0,1,1.375,0],"texture":"#0"},"south":{"uv":[1.375,1,2.375,0],"texture":"#0"},"west":{"uv":[0,1,1.375,0],"texture":"#0"},"up":{"uv":[3.75,1,2.375,0],"rotation":90,"texture":"#0"},"down":{"uv":[3.75,1,2.375,0],"rotation":270,"texture":"#0"}}},{"from":[9.5,11,10.25],"to":[10,12.5,10.75],"rotation":{"angle":0,"axis":"y","origin":[7.5,2.44936,8]},"faces":{"north":{"uv":[1.375,3.875,1.5,3.5],"texture":"#0"},"east":{"uv":[1.25,3.875,1.375,3.5],"texture":"#0"},"south":{"uv":[1.375,3.875,1.5,3.5],"texture":"#0"},"west":{"uv":[1.25,3.875,1.375,3.5],"texture":"#0"},"up":{"uv":[1.375,4,1.25,3.875],"rotation":90,"texture":"#0"},"down":{"uv":[1.375,4,1.25,3.875],"rotation":270,"texture":"#0"}}},{"from":[9.5,10,5.25],"to":[10,11,10.75],"rotation":{"angle":0,"axis":"y","origin":[7.5,2.44936,8]},"faces":{"north":{"uv":[1.375,4.375,1.5,4.125],"texture":"#0"},"east":{"uv":[0,4.375,1.375,4.125],"texture":"#0"},"south":{"uv":[1.375,4.375,1.5,4.125],"texture":"#0"},"west":{"uv":[0,4.375,1.375,4.125],"texture":"#0"},"up":{"uv":[1.375,4.5,0,4.375],"rotation":90,"texture":"#0"},"down":{"uv":[1.375,4.5,0,4.375],"rotation":270,"texture":"#0"}}},{"from":[9.5,11.5,7.75],"to":[10,13,8.25],"rotation":{"angle":0,"axis":"y","origin":[7.5,2.44936,8]},"faces":{"north":{"uv":[1.5,3.875,1.375,3.5],"texture":"#0"},"east":{"uv":[1.625,3.875,1.5,3.5],"texture":"#0"},"south":{"uv":[1.5,3.875,1.375,3.5],"texture":"#0"},"west":{"uv":[1.375,3.875,1.25,3.5],"texture":"#0"},"up":{"uv":[1.25,4,1.375,3.875],"rotation":90,"texture":"#0"},"down":{"uv":[1.25,4,1.375,3.875],"rotation":270,"texture":"#0"}}},{"from":[9.5,11,5.25],"to":[10,12.5,5.75],"rotation":{"angle":0,"axis":"y","origin":[7.5,2.44936,8]},"faces":{"north":{"uv":[1.5,3.875,1.375,3.5],"texture":"#0"},"east":{"uv":[1.375,3.875,1.25,3.5],"texture":"#0"},"south":{"uv":[1.5,3.875,1.375,3.5],"texture":"#0"},"west":{"uv":[1.375,3.875,1.25,3.5],"texture":"#0"},"up":{"uv":[1.25,4,1.375,3.875],"rotation":90,"texture":"#0"},"down":{"uv":[1.25,4,1.375,3.875],"rotation":270,"texture":"#0"}}},{"from":[9.5,11,7.25],"to":[10,11.5,8.75],"rotation":{"angle":0,"axis":"y","origin":[7.5,2.44936,8]},"faces":{"north":{"uv":[1.25,4,1.375,3.875],"rotation":90,"texture":"#0"},"east":{"uv":[1.375,3.875,1.25,3.5],"rotation":270,"texture":"#0"},"south":{"uv":[1.25,4,1.375,3.875],"rotation":90,"texture":"#0"},"west":{"uv":[1.375,3.875,1.25,3.5],"rotation":90,"texture":"#0"},"up":{"uv":[1.5,3.875,1.375,3.5],"rotation":180,"texture":"#0"},"down":{"uv":[1.5,3.875,1.375,3.5],"texture":"#0"}}},{"from":[6.15,9,6.5],"to":[8.85,11,9.5],"rotation":{"angle":0,"axis":"y","origin":[7.5,2.44936,8]},"faces":{"north":{"uv":[0.75,1.75,1.5,2.25],"texture":"#0"},"east":{"uv":[0.75,1.75,1.5,2.25],"texture":"#0"},"south":{"uv":[0.75,1.75,1.5,2.25],"texture":"#0"},"west":{"uv":[0.75,1.75,1.5,2.25],"texture":"#0"},"up":{"uv":[1.25,1.0375,2,1.7125],"rotation":90,"texture":"#0"},"down":{"uv":[1.25,1.0375,2,1.7125],"rotation":270,"texture":"#0"}}},{"from":[9.6,10,5.25],"to":[9.6,14,10.75],"rotation":{"angle":0,"axis":"y","origin":[7.5,2.44936,8]},"faces":{"east":{"uv":[11,0,0,8],"texture":"#1"},"west":{"uv":[11,0,0,8],"texture":"#1"}}},{"from":[6.25,10.63267,3.63902],"to":[8.75,14.13267,7.63902],"rotation":{"angle":0,"axis":"y","origin":[7.5,2.44936,8]},"faces":{"north":{"uv":[2.75,3.375,2.125,2.5],"texture":"#0"},"east":{"uv":[3.625,1.875,2.625,1],"texture":"#0"},"south":{"uv":[2.75,3.375,2.125,2.5],"texture":"#0"},"west":{"uv":[2.625,1.875,3.625,1],"texture":"#0"},"up":{"uv":[3.625,2.5,2.625,1.875],"rotation":90,"texture":"#0"},"down":{"uv":[3.625,2.5,2.625,1.875],"rotation":270,"texture":"#0"}}},{"from":[6.35,11.44205,10.96245],"to":[8.65,14.44205,13.96245],"rotation":{"angle":-45,"axis":"x","origin":[7.5,2.44936,8]},"faces":{"north":{"uv":[6.625,0,5.875,0.575],"rotation":90,"texture":"#0"},"east":{"uv":[4.5,0,3.75,0.75],"rotation":270,"texture":"#0"},"south":{"uv":[4.5,0.75,3.75,1.325],"rotation":90,"texture":"#0"},"west":{"uv":[3.75,0,4.5,0.75],"rotation":90,"texture":"#0"},"up":{"uv":[5.075,0,4.5,0.75],"rotation":180,"texture":"#0"},"down":{"uv":[5.075,0,4.5,0.75],"texture":"#0"}}},{"from":[6.45,12.97864,1.67785],"to":[8.55,15.97864,4.17785],"rotation":{"angle":0,"axis":"y","origin":[7.5,2.44936,8]},"faces":{"north":{"uv":[3.625,3.05,4.375,2.525],"rotation":270,"texture":"#0"},"east":{"uv":[3.625,2,4.375,1.375],"rotation":270,"texture":"#0"},"south":{"uv":[3.625,2.525,4.375,2],"rotation":270,"texture":"#0"},"west":{"uv":[3.625,1.375,4.375,2],"rotation":270,"texture":"#0"},"up":{"uv":[2.75,3.125,3.275,2.5],"texture":"#0"},"down":{"uv":[2.75,3.125,3.275,2.5],"rotation":180,"texture":"#0"}}},{"from":[6.55,14.66551,12.72768],"to":[8.45,17.66551,14.72768],"rotation":{"angle":-45,"axis":"x","origin":[7.5,2.44936,8]},"faces":{"north":{"uv":[5.125,0.975,5.875,0.5],"rotation":270,"texture":"#0"},"east":{"uv":[5.125,0.5,5.875,0],"rotation":270,"texture":"#0"},"south":{"uv":[5.125,0.975,5.875,0.5],"rotation":270,"texture":"#0"},"west":{"uv":[5.875,0.5,5.125,0],"rotation":90,"texture":"#0"},"up":{"uv":[2,2,2.475,1.5],"texture":"#0"},"down":{"uv":[2,2,2.475,1.5],"rotation":180,"texture":"#0"}}},{"from":[6.75,16.29079,-1.52914],"to":[8.25,17.79079,1.97086],"rotation":{"angle":0,"axis":"y","origin":[7.5,2.44936,8]},"faces":{"north":{"uv":[5.375,1.375,5.75,1],"rotation":180,"texture":"#0"},"east":{"uv":[4.5,1.375,5.375,1],"texture":"#0"},"south":{"uv":[5.375,1.375,5.75,1],"rotation":180,"texture":"#0"},"west":{"uv":[5.375,1.375,4.5,1],"texture":"#0"},"up":{"uv":[4.5,1.75,5.375,1.375],"rotation":270,"texture":"#0"},"down":{"uv":[4.5,2.125,5.375,1.75],"rotation":90,"texture":"#0"}}},{"from":[6.85,15.19079,-1.32914],"to":[8.15,16.69079,-0.32914],"rotation":{"angle":0,"axis":"y","origin":[7.5,2.44936,8]},"faces":{"north":{"uv":[4.375,2.5,4.7,2.125],"rotation":180,"texture":"#0"},"east":{"uv":[2.125,2.375,2.375,2],"texture":"#0"},"south":{"uv":[4.75,2.5,5.075,2.125],"rotation":180,"texture":"#0"},"west":{"uv":[2.375,2.375,2.125,2],"texture":"#0"},"up":{"uv":[4.375,2.825,4.625,2.5],"rotation":270,"texture":"#0"},"down":{"uv":[4.375,2.825,4.625,2.5],"rotation":90,"texture":"#0"}}},{"from":[7.05,16.84534,10.53033],"to":[7.95,18.04534,11.23033],"rotation":{"angle":-45,"axis":"x","origin":[7.5,2.44936,8]},"faces":{"north":{"uv":[5.85,1.375,5.625,1.675],"texture":"#0"},"east":{"uv":[5.55,1.375,5.375,1.675],"rotation":180,"texture":"#0"},"south":{"uv":[5.85,1.75,5.625,2.05],"texture":"#0"},"west":{"uv":[5.55,1.675,5.375,1.375],"texture":"#0"},"up":{"uv":[5.55,1.75,5.375,1.975],"rotation":90,"texture":"#0"},"down":{"uv":[5.55,1.75,5.375,1.975],"rotation":270,"texture":"#0"}}},{"from":[7.15,16.76904,4.96537],"to":[7.85,17.26904,5.96537],"rotation":{"angle":-22.5,"axis":"x","origin":[7.5,2.44936,8]},"faces":{"north":{"uv":[5.3,2.125,5.125,2.25],"texture":"#0"},"east":{"uv":[5.625,2,5.375,2.125],"rotation":180,"texture":"#0"},"south":{"uv":[5.3,2.125,5.125,2.25],"texture":"#0"},"west":{"uv":[5.625,2,5.375,2.125],"texture":"#0"},"up":{"uv":[5.625,2.125,5.375,2.3],"rotation":90,"texture":"#0"},"down":{"uv":[5.625,2.125,5.375,2.3],"rotation":270,"texture":"#0"}}},{"from":[7,11.0348,2.03533],"to":[8,12.5348,4.03533],"rotation":{"angle":0,"axis":"y","origin":[7.5,2.44936,8]},"faces":{"north":{"uv":[1.5,2.375,1.25,2.625],"texture":"#0"},"east":{"uv":[1.5,2.375,1.25,2.625],"texture":"#0"},"south":{"uv":[1.5,2.375,1.25,2.625],"texture":"#0"},"west":{"uv":[1.5,2.375,1.25,2.625],"texture":"#0"},"up":{"uv":[1.5,2.375,1.25,2.625],"texture":"#0"},"down":{"uv":[1.5,2.375,1.25,2.625],"texture":"#0"}}},{"from":[7.1,12.49901,9.19961],"to":[7.9,13.49901,10.69961],"rotation":{"angle":-45,"axis":"x","origin":[7.5,2.44936,8]},"faces":{"north":{"uv":[1.625,2.625,1.25,2.875],"texture":"#0"},"east":{"uv":[1.625,2.625,1.25,2.875],"texture":"#0"},"south":{"uv":[1.625,2.625,1.25,2.875],"texture":"#0"},"west":{"uv":[1.625,2.625,1.25,2.875],"texture":"#0"},"up":{"uv":[1.625,2.625,1.25,2.875],"texture":"#0"},"down":{"uv":[1.625,2.625,1.25,2.875],"texture":"#0"}}},{"from":[7.2,9.7348,1.43533],"to":[7.8,10.7348,1.93533],"rotation":{"angle":0,"axis":"y","origin":[7.5,2.44936,8]},"faces":{"north":{"uv":[1.25,2.625,1.625,2.875],"rotation":90,"texture":"#0"},"east":{"uv":[1.25,2.625,1.625,2.875],"rotation":90,"texture":"#0"},"south":{"uv":[1.25,2.625,1.625,2.875],"rotation":90,"texture":"#0"},"west":{"uv":[1.25,2.625,1.625,2.875],"rotation":90,"texture":"#0"},"up":{"uv":[1.25,2.625,1.625,2.875],"rotation":90,"texture":"#0"},"down":{"uv":[1.25,2.625,1.625,2.875],"rotation":90,"texture":"#0"}}},{"from":[6.25,10.63267,8.36098],"to":[8.75,14.13267,12.36098],"rotation":{"angle":0,"axis":"y","origin":[7.5,2.44936,8]},"faces":{"north":{"uv":[2.125,3.375,2.75,2.5],"texture":"#0"},"east":{"uv":[2.625,1.875,3.625,1],"texture":"#0"},"south":{"uv":[2.125,3.375,2.75,2.5],"texture":"#0"},"west":{"uv":[3.625,1.875,2.625,1],"texture":"#0"},"up":{"uv":[2.625,2.5,3.625,1.875],"rotation":90,"texture":"#0"},"down":{"uv":[2.625,2.5,3.625,1.875],"rotation":270,"texture":"#0"}}},{"from":[6.35,11.44205,2.03755],"to":[8.65,14.44205,5.03755],"rotation":{"angle":45,"axis":"x","origin":[7.5,2.44936,8]},"faces":{"north":{"uv":[4.5,1.325,3.75,0.75],"rotation":90,"texture":"#0"},"east":{"uv":[4.5,0.75,3.75,0],"rotation":270,"texture":"#0"},"south":{"uv":[6.625,0.575,5.875,0],"rotation":90,"texture":"#0"},"west":{"uv":[3.75,0.75,4.5,0],"rotation":90,"texture":"#0"},"up":{"uv":[5.075,0.75,4.5,0],"rotation":180,"texture":"#0"},"down":{"uv":[5.075,0.75,4.5,0],"texture":"#0"}}},{"from":[6.45,12.97864,11.82215],"to":[8.55,15.97864,14.32215],"rotation":{"angle":0,"axis":"y","origin":[7.5,2.44936,8]},"faces":{"north":{"uv":[3.625,2,4.375,2.525],"rotation":270,"texture":"#0"},"east":{"uv":[3.625,1.375,4.375,2],"rotation":270,"texture":"#0"},"south":{"uv":[3.625,2.525,4.375,3.05],"rotation":270,"texture":"#0"},"west":{"uv":[3.625,2,4.375,1.375],"rotation":270,"texture":"#0"},"up":{"uv":[2.75,2.5,3.275,3.125],"texture":"#0"},"down":{"uv":[2.75,2.5,3.275,3.125],"rotation":180,"texture":"#0"}}},{"from":[6.55,14.66551,1.27232],"to":[8.45,17.66551,3.27232],"rotation":{"angle":45,"axis":"x","origin":[7.5,2.44936,8]},"faces":{"north":{"uv":[5.125,0.5,5.875,0.975],"rotation":270,"texture":"#0"},"east":{"uv":[5.125,0,5.875,0.5],"rotation":270,"texture":"#0"},"south":{"uv":[5.125,0.5,5.875,0.975],"rotation":270,"texture":"#0"},"west":{"uv":[5.875,0,5.125,0.5],"rotation":90,"texture":"#0"},"up":{"uv":[2,1.5,2.475,2],"texture":"#0"},"down":{"uv":[2,1.5,2.475,2],"rotation":180,"texture":"#0"}}},{"from":[6.75,16.29079,14.02914],"to":[8.25,17.79079,17.52914],"rotation":{"angle":0,"axis":"y","origin":[7.5,2.44936,8]},"faces":{"north":{"uv":[5.75,1.375,5.375,1],"rotation":180,"texture":"#0"},"east":{"uv":[5.375,1.375,4.5,1],"texture":"#0"},"south":{"uv":[5.75,1.375,5.375,1],"rotation":180,"texture":"#0"},"west":{"uv":[4.5,1.375,5.375,1],"texture":"#0"},"up":{"uv":[5.375,1.75,4.5,1.375],"rotation":270,"texture":"#0"},"down":{"uv":[5.375,2.125,4.5,1.75],"rotation":90,"texture":"#0"}}},{"from":[6.85,15.19079,16.32914],"to":[8.15,16.69079,17.32914],"rotation":{"angle":0,"axis":"y","origin":[7.5,2.44936,8]},"faces":{"north":{"uv":[5.075,2.5,4.75,2.125],"rotation":180,"texture":"#0"},"east":{"uv":[2.375,2.375,2.125,2],"texture":"#0"},"south":{"uv":[4.7,2.5,4.375,2.125],"rotation":180,"texture":"#0"},"west":{"uv":[2.125,2.375,2.375,2],"texture":"#0"},"up":{"uv":[4.625,2.825,4.375,2.5],"rotation":270,"texture":"#0"},"down":{"uv":[4.625,2.825,4.375,2.5],"rotation":90,"texture":"#0"}}},{"from":[7.05,16.84534,4.76967],"to":[7.95,18.04534,5.46967],"rotation":{"angle":45,"axis":"x","origin":[7.5,2.44936,8]},"faces":{"north":{"uv":[5.625,1.75,5.85,2.05],"texture":"#0"},"east":{"uv":[5.375,1.375,5.55,1.675],"rotation":180,"texture":"#0"},"south":{"uv":[5.625,1.375,5.85,1.675],"texture":"#0"},"west":{"uv":[5.375,1.675,5.55,1.375],"texture":"#0"},"up":{"uv":[5.375,1.75,5.55,1.975],"rotation":90,"texture":"#0"},"down":{"uv":[5.375,1.75,5.55,1.975],"rotation":270,"texture":"#0"}}},{"from":[7.15,16.76904,10.03463],"to":[7.85,17.26904,11.03463],"rotation":{"angle":22.5,"axis":"x","origin":[7.5,2.44936,8]},"faces":{"north":{"uv":[5.125,2.125,5.3,2.25],"texture":"#0"},"east":{"uv":[5.375,2,5.625,2.125],"rotation":180,"texture":"#0"},"south":{"uv":[5.125,2.125,5.3,2.25],"texture":"#0"},"west":{"uv":[5.375,2,5.625,2.125],"texture":"#0"},"up":{"uv":[5.375,2.125,5.625,2.3],"rotation":90,"texture":"#0"},"down":{"uv":[5.375,2.125,5.625,2.3],"rotation":270,"texture":"#0"}}},{"from":[7,11.0348,11.96467],"to":[8,12.5348,13.96467],"rotation":{"angle":0,"axis":"y","origin":[7.5,2.44936,8]},"faces":{"north":{"uv":[1.25,2.375,1.625,2.625],"texture":"#0"},"east":{"uv":[1.25,2.375,1.625,2.625],"texture":"#0"},"south":{"uv":[1.25,2.375,1.625,2.625],"texture":"#0"},"west":{"uv":[1.25,2.375,1.625,2.625],"texture":"#0"},"up":{"uv":[1.25,2.375,1.625,2.625],"texture":"#0"},"down":{"uv":[1.25,2.375,1.625,2.625],"texture":"#0"}}},{"from":[7.1,12.49901,5.30039],"to":[7.9,13.49901,6.80039],"rotation":{"angle":45,"axis":"x","origin":[7.5,2.44936,8]},"faces":{"north":{"uv":[1.25,2.375,1.625,2.625],"texture":"#0"},"east":{"uv":[1.25,2.375,1.625,2.625],"texture":"#0"},"south":{"uv":[1.25,2.375,1.625,2.625],"texture":"#0"},"west":{"uv":[1.25,2.375,1.625,2.625],"texture":"#0"},"up":{"uv":[1.25,2.375,1.625,2.625],"texture":"#0"},"down":{"uv":[1.25,2.375,1.625,2.625],"texture":"#0"}}},{"from":[7.2,9.7348,14.06467],"to":[7.8,10.7348,14.56467],"rotation":{"angle":0,"axis":"y","origin":[7.5,2.44936,8]},"faces":{"north":{"uv":[1.25,2.625,1.625,2.875],"rotation":90,"texture":"#0"},"east":{"uv":[1.25,2.625,1.625,2.875],"rotation":90,"texture":"#0"},"south":{"uv":[1.25,2.625,1.625,2.875],"rotation":90,"texture":"#0"},"west":{"uv":[1.25,2.625,1.625,2.875],"rotation":90,"texture":"#0"},"up":{"uv":[1.25,2.625,1.625,2.875],"rotation":90,"texture":"#0"},"down":{"uv":[1.25,2.625,1.625,2.875],"rotation":90,"texture":"#0"}}},{"from":[7,-12.9652,7.96467],"to":[8,-11.4652,9.96467],"rotation":{"angle":0,"axis":"y","origin":[7.5,2.44936,8]},"faces":{"north":{"uv":[1.25,2.25,1.625,2.625],"texture":"#0"},"east":{"uv":[1.25,2.25,1.625,2.625],"texture":"#0"},"south":{"uv":[1.25,2.25,1.625,2.625],"texture":"#0"},"west":{"uv":[1.25,2.25,1.625,2.625],"texture":"#0"},"up":{"uv":[1.25,2.25,1.625,2.625],"texture":"#0"},"down":{"uv":[1.25,2.25,1.625,2.625],"texture":"#0"}}},{"from":[7,-8.9652,7.96467],"to":[8,-7.4652,9.96467],"rotation":{"angle":0,"axis":"y","origin":[7.5,2.44936,8]},"faces":{"north":{"uv":[1.25,2.25,1.625,2.625],"texture":"#0"},"east":{"uv":[1.25,2.25,1.625,2.625],"texture":"#0"},"south":{"uv":[1.25,2.25,1.625,2.625],"texture":"#0"},"west":{"uv":[1.25,2.25,1.625,2.625],"texture":"#0"},"up":{"uv":[1.25,2.25,1.625,2.625],"texture":"#0"},"down":{"uv":[1.25,2.25,1.625,2.625],"texture":"#0"}}},{"from":[7,0.0348,7.96467],"to":[8,1.5348,9.96467],"rotation":{"angle":0,"axis":"y","origin":[7.5,2.44936,8]},"faces":{"north":{"uv":[1.25,2.25,1.625,2.625],"texture":"#0"},"east":{"uv":[1.25,2.25,1.625,2.625],"texture":"#0"},"south":{"uv":[1.25,2.25,1.625,2.625],"texture":"#0"},"west":{"uv":[1.25,2.25,1.625,2.625],"texture":"#0"},"up":{"uv":[1.25,2.25,1.625,2.625],"texture":"#0"},"down":{"uv":[1.25,2.25,1.625,2.625],"texture":"#0"}}},{"from":[7.1,-7.59287,19.73542],"to":[7.9,-6.59287,21.23542],"rotation":{"angle":45,"axis":"x","origin":[7.5,2.44936,8]},"faces":{"north":{"uv":[1.25,2.25,1.625,2.875],"rotation":270,"texture":"#0"},"east":{"uv":[1.25,2.25,1.625,2.875],"rotation":270,"texture":"#0"},"south":{"uv":[1.25,2.25,1.625,2.875],"rotation":270,"texture":"#0"},"west":{"uv":[1.25,2.25,1.625,2.875],"rotation":270,"texture":"#0"},"up":{"uv":[1.25,2.25,1.625,2.875],"rotation":270,"texture":"#0"},"down":{"uv":[1.25,2.25,1.625,2.875],"rotation":270,"texture":"#0"}}},{"from":[7.1,-6.59287,12.73542],"to":[7.9,-5.59287,14.23542],"rotation":{"angle":45,"axis":"x","origin":[7.5,2.44936,8]},"faces":{"north":{"uv":[1.25,2.25,1.625,2.875],"rotation":270,"texture":"#0"},"east":{"uv":[1.25,2.25,1.625,2.875],"rotation":270,"texture":"#0"},"south":{"uv":[1.25,2.25,1.625,2.875],"rotation":270,"texture":"#0"},"west":{"uv":[1.25,2.25,1.625,2.875],"rotation":270,"texture":"#0"},"up":{"uv":[1.25,2.25,1.625,2.875],"rotation":270,"texture":"#0"},"down":{"uv":[1.25,2.25,1.625,2.875],"rotation":270,"texture":"#0"}}},{"from":[7.1,1.8,10.5],"to":[7.9,2.8,12],"rotation":{"angle":45,"axis":"x","origin":[7.5,2.44936,8]},"faces":{"north":{"uv":[1.25,2.25,1.625,2.875],"rotation":270,"texture":"#0"},"east":{"uv":[1.25,2.25,1.625,2.875],"rotation":270,"texture":"#0"},"south":{"uv":[1.25,2.25,1.625,2.875],"rotation":270,"texture":"#0"},"west":{"uv":[1.25,2.25,1.625,2.875],"rotation":270,"texture":"#0"},"up":{"uv":[1.25,2.25,1.625,2.875],"rotation":270,"texture":"#0"},"down":{"uv":[1.25,2.25,1.625,2.875],"rotation":270,"texture":"#0"}}},{"from":[7.2,-14.5,10.06467],"to":[7.8,-13.5,10.56467],"rotation":{"angle":0,"axis":"y","origin":[7.5,2.44936,8]},"faces":{"north":{"uv":[1.25,2.25,1.625,2.625],"rotation":90,"texture":"#0"},"east":{"uv":[1.25,2.25,1.625,2.625],"rotation":90,"texture":"#0"},"south":{"uv":[1.25,2.25,1.625,2.625],"rotation":90,"texture":"#0"},"west":{"uv":[1.25,2.25,1.625,2.625],"rotation":90,"texture":"#0"},"up":{"uv":[1.25,2.25,1.625,2.625],"rotation":90,"texture":"#0"},"down":{"uv":[1.25,2.25,1.625,2.625],"rotation":90,"texture":"#0"}}},{"from":[7.2,-7.2,10.06467],"to":[7.8,-6.2,10.56467],"rotation":{"angle":0,"axis":"y","origin":[7.5,2.44936,8]},"faces":{"north":{"uv":[1.25,2.25,1.625,2.625],"rotation":90,"texture":"#0"},"east":{"uv":[1.25,2.25,1.625,2.625],"rotation":90,"texture":"#0"},"south":{"uv":[1.25,2.25,1.625,2.625],"rotation":90,"texture":"#0"},"west":{"uv":[1.25,2.25,1.625,2.625],"rotation":90,"texture":"#0"},"up":{"uv":[1.25,2.25,1.625,2.625],"rotation":90,"texture":"#0"},"down":{"uv":[1.25,2.25,1.625,2.625],"rotation":90,"texture":"#0"}}},{"from":[7.2,-1.5,10.06467],"to":[7.8,-0.5,10.56467],"rotation":{"angle":0,"axis":"y","origin":[7.5,2.44936,8]},"faces":{"north":{"uv":[1.25,2.25,1.625,2.625],"rotation":90,"texture":"#0"},"east":{"uv":[1.25,2.25,1.625,2.625],"rotation":90,"texture":"#0"},"south":{"uv":[1.25,2.25,1.625,2.625],"rotation":90,"texture":"#0"},"west":{"uv":[1.25,2.25,1.625,2.625],"rotation":90,"texture":"#0"},"up":{"uv":[1.25,2.25,1.625,2.625],"rotation":90,"texture":"#0"},"down":{"uv":[1.25,2.25,1.625,2.625],"rotation":90,"texture":"#0"}}},{"from":[7.2,-1.5,5.4],"to":[7.8,-0.5,5.9],"rotation":{"angle":0,"axis":"y","origin":[7.5,2.44936,8]},"faces":{"north":{"uv":[1.25,2.25,1.625,2.625],"rotation":90,"texture":"#0"},"east":{"uv":[1.25,2.25,1.625,2.625],"rotation":90,"texture":"#0"},"south":{"uv":[1.25,2.25,1.625,2.625],"rotation":90,"texture":"#0"},"west":{"uv":[1.25,2.25,1.625,2.625],"rotation":90,"texture":"#0"},"up":{"uv":[1.25,2.25,1.625,2.625],"rotation":90,"texture":"#0"},"down":{"uv":[1.25,2.25,1.625,2.625],"rotation":90,"texture":"#0"}}},{"from":[7.2,-7.2,5.5],"to":[7.8,-6.2,6],"rotation":{"angle":0,"axis":"y","origin":[7.5,2.44936,8]},"faces":{"north":{"uv":[1.25,2.25,1.625,2.625],"rotation":90,"texture":"#0"},"east":{"uv":[1.25,2.25,1.625,2.625],"rotation":90,"texture":"#0"},"south":{"uv":[1.25,2.25,1.625,2.625],"rotation":90,"texture":"#0"},"west":{"uv":[1.25,2.25,1.625,2.625],"rotation":90,"texture":"#0"},"up":{"uv":[1.25,2.25,1.625,2.625],"rotation":90,"texture":"#0"},"down":{"uv":[1.25,2.25,1.625,2.625],"rotation":90,"texture":"#0"}}},{"from":[7.2,-14.5,5.5],"to":[7.8,-13.5,6],"rotation":{"angle":0,"axis":"y","origin":[7.5,2.44936,8]},"faces":{"north":{"uv":[1.25,2.25,1.625,2.625],"rotation":90,"texture":"#0"},"east":{"uv":[1.25,2.25,1.625,2.625],"rotation":90,"texture":"#0"},"south":{"uv":[1.25,2.25,1.625,2.625],"rotation":90,"texture":"#0"},"west":{"uv":[1.25,2.25,1.625,2.625],"rotation":90,"texture":"#0"},"up":{"uv":[1.25,2.25,1.625,2.625],"rotation":90,"texture":"#0"},"down":{"uv":[1.25,2.25,1.625,2.625],"rotation":90,"texture":"#0"}}},{"from":[7,-12.9652,6.03533],"to":[8,-11.4652,8.03533],"rotation":{"angle":0,"axis":"y","origin":[7.5,2.44936,8]},"faces":{"north":{"uv":[1.625,2.625,1.25,2.25],"texture":"#0"},"east":{"uv":[1.625,2.625,1.25,2.25],"texture":"#0"},"south":{"uv":[1.625,2.625,1.25,2.25],"texture":"#0"},"west":{"uv":[1.625,2.625,1.25,2.25],"texture":"#0"},"up":{"uv":[1.625,2.625,1.25,2.25],"texture":"#0"},"down":{"uv":[1.625,2.625,1.25,2.25],"texture":"#0"}}},{"from":[7,-8.9652,6.03533],"to":[8,-7.4652,8.03533],"rotation":{"angle":0,"axis":"y","origin":[7.5,2.44936,8]},"faces":{"north":{"uv":[1.625,2.625,1.25,2.25],"texture":"#0"},"east":{"uv":[1.625,2.625,1.25,2.25],"texture":"#0"},"south":{"uv":[1.625,2.625,1.25,2.25],"texture":"#0"},"west":{"uv":[1.625,2.625,1.25,2.25],"texture":"#0"},"up":{"uv":[1.625,2.625,1.25,2.25],"texture":"#0"},"down":{"uv":[1.625,2.625,1.25,2.25],"texture":"#0"}}},{"from":[7,0.0348,6.03533],"to":[8,1.5348,8.03533],"rotation":{"angle":0,"axis":"y","origin":[7.5,2.44936,8]},"faces":{"north":{"uv":[1.625,2.625,1.25,2.25],"texture":"#0"},"east":{"uv":[1.625,2.625,1.25,2.25],"texture":"#0"},"south":{"uv":[1.625,2.625,1.25,2.25],"texture":"#0"},"west":{"uv":[1.625,2.625,1.25,2.25],"texture":"#0"},"up":{"uv":[1.625,2.625,1.25,2.25],"texture":"#0"},"down":{"uv":[1.625,2.625,1.25,2.25],"texture":"#0"}}},{"from":[7.1,-7.59287,-5.23542],"to":[7.9,-6.59287,-3.73542],"rotation":{"angle":-45,"axis":"x","origin":[7.5,2.44936,8]},"faces":{"north":{"uv":[1.625,2.625,1.25,2.25],"rotation":180,"texture":"#0"},"east":{"uv":[1.625,2.625,1.25,2.25],"rotation":180,"texture":"#0"},"south":{"uv":[1.625,2.625,1.25,2.25],"rotation":180,"texture":"#0"},"west":{"uv":[1.625,2.625,1.25,2.25],"rotation":180,"texture":"#0"},"up":{"uv":[1.625,2.625,1.25,2.25],"rotation":180,"texture":"#0"},"down":{"uv":[1.625,2.625,1.25,2.25],"rotation":180,"texture":"#0"}}},{"from":[7.1,1.8,4],"to":[7.9,2.8,5.5],"rotation":{"angle":-45,"axis":"x","origin":[7.5,2.44936,8]},"faces":{"north":{"uv":[1.625,2.625,1.25,2.25],"rotation":180,"texture":"#0"},"east":{"uv":[1.625,2.625,1.25,2.25],"rotation":180,"texture":"#0"},"south":{"uv":[1.625,2.625,1.25,2.25],"rotation":180,"texture":"#0"},"west":{"uv":[1.625,2.625,1.25,2.25],"rotation":180,"texture":"#0"},"up":{"uv":[1.625,2.625,1.25,2.25],"rotation":180,"texture":"#0"},"down":{"uv":[1.625,2.625,1.25,2.25],"rotation":180,"texture":"#0"}}},{"from":[7.1,-6.59287,1.5],"to":[7.9,-5.59287,3],"rotation":{"angle":-45,"axis":"x","origin":[7.5,2.44936,8]},"faces":{"north":{"uv":[1.625,2.625,1.25,2.25],"rotation":180,"texture":"#0"},"east":{"uv":[1.625,2.625,1.25,2.25],"rotation":180,"texture":"#0"},"south":{"uv":[1.625,2.625,1.25,2.25],"rotation":180,"texture":"#0"},"west":{"uv":[1.625,2.625,1.25,2.25],"rotation":180,"texture":"#0"},"up":{"uv":[1.625,2.625,1.25,2.25],"rotation":180,"texture":"#0"},"down":{"uv":[1.625,2.625,1.25,2.25],"rotation":180,"texture":"#0"}}},{"from":[7.2,-9.5,17.43533],"to":[7.8,-8.5,17.93533],"rotation":{"angle":22.5,"axis":"x","origin":[7.5,2.44936,8]},"faces":{"north":{"uv":[1.25,2.65,1.625,2.25],"rotation":90,"texture":"#0"},"east":{"uv":[1.25,2.65,1.625,2.25],"rotation":90,"texture":"#0"},"south":{"uv":[1.25,2.65,1.625,2.25],"rotation":90,"texture":"#0"},"west":{"uv":[1.25,2.65,1.625,2.25],"rotation":90,"texture":"#0"},"up":{"uv":[1.25,2.65,1.625,2.25],"rotation":90,"texture":"#0"},"down":{"uv":[1.25,2.65,1.625,2.25],"rotation":90,"texture":"#0"}}},{"from":[7.2,-9.5,-1.56467],"to":[7.8,-8.5,-1.06467],"rotation":{"angle":-22.5,"axis":"x","origin":[7.5,2.44936,8]},"faces":{"north":{"uv":[1.25,2.65,1.625,2.25],"rotation":90,"texture":"#0"},"east":{"uv":[1.25,2.65,1.625,2.25],"rotation":90,"texture":"#0"},"south":{"uv":[1.25,2.65,1.625,2.25],"rotation":90,"texture":"#0"},"west":{"uv":[1.25,2.65,1.625,2.25],"rotation":90,"texture":"#0"},"up":{"uv":[1.25,2.65,1.625,2.25],"rotation":90,"texture":"#0"},"down":{"uv":[1.25,2.65,1.625,2.25],"rotation":90,"texture":"#0"}}},{"from":[7,15.29723,8.83739],"to":[8,16.79723,10.83739],"rotation":{"angle":-22.5,"axis":"x","origin":[7.5,2.44936,8]},"faces":{"north":{"uv":[1.25,2.625,1.625,2.375],"texture":"#0"},"east":{"uv":[1.25,2.625,1.625,2.375],"texture":"#0"},"south":{"uv":[1.25,2.625,1.625,2.375],"texture":"#0"},"west":{"uv":[1.25,2.625,1.625,2.375],"texture":"#0"},"up":{"uv":[1.25,2.625,1.625,2.375],"texture":"#0"},"down":{"uv":[1.25,2.625,1.625,2.375],"texture":"#0"}}},{"from":[7.1,13.75473,-0.37797],"to":[7.9,15.25473,0.62203],"rotation":{"angle":22.5,"axis":"x","origin":[7.5,2.44936,8]},"faces":{"north":{"uv":[1.625,2.375,1.25,2.625],"rotation":270,"texture":"#0"},"east":{"uv":[1.625,2.375,1.25,2.625],"rotation":270,"texture":"#0"},"south":{"uv":[1.625,2.375,1.25,2.625],"rotation":270,"texture":"#0"},"west":{"uv":[1.625,2.375,1.25,2.625],"rotation":270,"texture":"#0"},"up":{"uv":[1.625,2.375,1.25,2.625],"rotation":270,"texture":"#0"},"down":{"uv":[1.625,2.375,1.25,2.625],"rotation":270,"texture":"#0"}}},{"from":[7.2,17.09723,10.93739],"to":[7.8,18.09723,11.43739],"rotation":{"angle":-22.5,"axis":"x","origin":[7.5,2.44936,8]},"faces":{"north":{"uv":[1.25,2.5,1.625,2.75],"rotation":90,"texture":"#0"},"east":{"uv":[1.25,2.5,1.625,2.75],"rotation":90,"texture":"#0"},"south":{"uv":[1.25,2.5,1.625,2.75],"rotation":90,"texture":"#0"},"west":{"uv":[1.25,2.5,1.625,2.75],"rotation":90,"texture":"#0"},"up":{"uv":[1.25,2.5,1.625,2.75],"rotation":90,"texture":"#0"},"down":{"uv":[1.25,2.5,1.625,2.75],"rotation":90,"texture":"#0"}}},{"from":[7.2,17.09723,4.56261],"to":[7.8,18.09723,5.06261],"rotation":{"angle":22.5,"axis":"x","origin":[7.5,2.44936,8]},"faces":{"north":{"uv":[1.25,2.625,1.625,2.25],"rotation":90,"texture":"#0"},"east":{"uv":[1.25,2.625,1.625,2.25],"rotation":90,"texture":"#0"},"south":{"uv":[1.25,2.625,1.625,2.25],"rotation":90,"texture":"#0"},"west":{"uv":[1.25,2.625,1.625,2.25],"rotation":90,"texture":"#0"},"up":{"uv":[1.25,2.625,1.625,2.25],"rotation":90,"texture":"#0"},"down":{"uv":[1.25,2.625,1.625,2.25],"rotation":90,"texture":"#0"}}},{"from":[7.1,13.75473,15.37797],"to":[7.9,15.25473,16.37797],"rotation":{"angle":-22.5,"axis":"x","origin":[7.5,2.44936,8]},"faces":{"north":{"uv":[1.25,2.25,1.625,2.625],"rotation":270,"texture":"#0"},"east":{"uv":[1.25,2.25,1.625,2.625],"rotation":270,"texture":"#0"},"south":{"uv":[1.25,2.25,1.625,2.625],"rotation":270,"texture":"#0"},"west":{"uv":[1.25,2.25,1.625,2.625],"rotation":270,"texture":"#0"},"up":{"uv":[1.25,2.25,1.625,2.625],"rotation":270,"texture":"#0"},"down":{"uv":[1.25,2.25,1.625,2.625],"rotation":270,"texture":"#0"}}},{"from":[7,15.29723,5.16261],"to":[8,16.79723,7.16261],"rotation":{"angle":22.5,"axis":"x","origin":[7.5,2.44936,8]},"faces":{"north":{"uv":[1.625,2.625,1.25,2.25],"texture":"#0"},"east":{"uv":[1.625,2.625,1.25,2.25],"texture":"#0"},"south":{"uv":[1.625,2.625,1.25,2.25],"texture":"#0"},"west":{"uv":[1.625,2.625,1.25,2.25],"texture":"#0"},"up":{"uv":[1.625,2.625,1.25,2.25],"texture":"#0"},"down":{"uv":[1.625,2.625,1.25,2.25],"texture":"#0"}}},{"from":[7.5,0.94936,10.44936],"to":[7.5,19.94936,27],"rotation":{"angle":0,"axis":"x","origin":[7.5,2.44936,8]},"faces":{"east":{"uv":[4.38014,15.56879,11.41667,0.06809],"rotation":180,"texture":"#3"},"west":{"uv":[4.35745,0,11.32482,15.56879],"texture":"#3"}}},{"from":[7.5,0.94936,-10],"to":[7.5,19.94936,5.55064],"rotation":{"angle":0,"axis":"y","origin":[7.5,2.44936,8]},"faces":{"east":{"uv":[4.35745,0,11.32482,15.56879],"texture":"#3"},"west":{"uv":[4.38014,15.56879,11.41667,0.06809],"rotation":180,"texture":"#3"}}}],"display":{"thirdperson_righthand":{"translation":[0.4,16.25,1.5],"scale":[1.4,1.5,1.4]},"thirdperson_lefthand":{"rotation":[-21.88,52.08,-90.39],"translation":[-5.25,-5.5,9],"scale":[1.4,1.5,1.4]},"firstperson_righthand":{"rotation":[168,-0.37,-178.76],"translation":[1,9.75,3],"scale":[0.45938,0.45938,0.45938]},"firstperson_lefthand":{"rotation":[168,-0.37,-178.76],"translation":[1,9.75,3],"scale":[0.45938,0.45938,0.45938]},"ground":{"rotation":[-40,0,0],"translation":[0,14.25,0],"scale":[0.8,0.8,0.8]},"gui":{"rotation":[-90,-45,-90],"translation":[0.5,0.5,-0.25],"scale":[0.47266,0.47266,0.47266]},"head":{"rotation":[-126.75,6,-8.1],"translation":[26.25,-24.25,-26.75],"scale":[2,2.1,2]},"fixed":{"rotation":[0,-90,0],"translation":[0,10,-1.25],"scale":[1.8,1.8,1.8]}}}