{"credit":"Made by samus2002","texture_size":[64,64],"textures":{"0":"gluttony_evo:gluttony_evo_texture/shuriken_mark","particle":"gluttony_evo:gluttony_evo_texture/shuriken_mark"},"elements":[{"from":[-2.5,-2.5,8.025],"to":[18.5,18.5,8.025],"rotation":{"angle":0,"axis":"y","origin":[8.5,8,8]},"faces":{"north":{"uv":[0,0,5.25,5.25],"texture":"#0"},"east":{"uv":[5.5,0,5.5,5.25],"texture":"#0"},"south":{"uv":[5.25,0,0,5.25],"texture":"#0"},"west":{"uv":[5.5,5.5,5.5,10.75],"texture":"#0"},"up":{"uv":[11,0,5.75,0],"texture":"#0"},"down":{"uv":[11,0.25,5.75,0.25],"texture":"#0"}}},{"from":[-4.5,-7.5,8],"to":[16.5,13.5,8],"rotation":{"angle":0,"axis":"y","origin":[2,8,8]},"faces":{"north":{"uv":[5.25,5.25,0,0],"texture":"#0"},"east":{"uv":[5.5,10.75,5.5,5.5],"texture":"#0"},"south":{"uv":[0,5.25,5.25,0],"texture":"#0"},"west":{"uv":[5.5,5.25,5.5,0],"texture":"#0"},"up":{"uv":[5.75,0.25,11,0.25],"texture":"#0"},"down":{"uv":[5.75,0,11,0],"texture":"#0"}}}],"display":{"head":{"translation":[0,25.75,0]}}}