{"credit":"Made with Blockbench","texture_size":[64,64],"textures":{"main":"gluttony_evo:gluttony_evo_texture/shuriken_blade_a"},"elements":[{"from":[-10.87856,8,-0.90298],"to":[7.12144,8,17.09702],"rotation":{"angle":22.5,"axis":"y","origin":[6.99192,7.9375,8.05593]},"faces":{"north":{"uv":[6.59375,0.09375,7.15625,0.09375],"texture":"#main"},"east":{"uv":[6.59375,0,7.15625,0],"texture":"#main"},"south":{"uv":[6.59375,0.03125,7.15625,0.03125],"texture":"#main"},"west":{"uv":[6.59375,0.0625,7.15625,0.0625],"texture":"#main"},"up":{"uv":[6.5625,0.5625,6,0],"rotation":90,"texture":"#main"},"down":{"uv":[6.5625,0,6,0.5625],"rotation":270,"texture":"#main"}}},{"from":[0.50163,7.95,-10.04644],"to":[18.50163,7.95,7.95356],"rotation":{"angle":0,"axis":"y","origin":[6.99192,7.9375,8.05593]},"faces":{"north":{"uv":[6.59375,0.0625,7.15625,0.0625],"texture":"#main"},"east":{"uv":[6.59375,0.09375,7.15625,0.09375],"texture":"#main"},"south":{"uv":[6.59375,0,7.15625,0],"texture":"#main"},"west":{"uv":[6.59375,0.03125,7.15625,0.03125],"texture":"#main"},"up":{"uv":[6.5625,0.5625,6,0],"rotation":180,"texture":"#main"},"down":{"uv":[6.5625,0,6,0.5625],"rotation":180,"texture":"#main"}}},{"from":[-1.54239,7.975,7.64408],"to":[16.45761,7.975,25.64408],"rotation":{"angle":45,"axis":"y","origin":[6.99192,7.9375,8.05593]},"faces":{"north":{"uv":[6.59375,0,7.15625,0],"texture":"#main"},"east":{"uv":[6.59375,0.03125,7.15625,0.03125],"texture":"#main"},"south":{"uv":[6.59375,0.0625,7.15625,0.0625],"texture":"#main"},"west":{"uv":[6.59375,0.09375,7.15625,0.09375],"texture":"#main"},"up":{"uv":[6.5625,0.5625,6,0],"texture":"#main"},"down":{"uv":[6.5625,0,6,0.5625],"texture":"#main"}}},{"from":[-3.25614,7.925,-9.53222],"to":[14.74386,7.925,8.46778],"rotation":{"angle":45,"axis":"y","origin":[6.99192,7.9375,8.05593]},"faces":{"north":{"uv":[4.59375,0.0625,5.15625,0.0625],"texture":"#main"},"east":{"uv":[4.59375,0.09375,5.15625,0.09375],"texture":"#main"},"south":{"uv":[4.59375,0,5.15625,0],"texture":"#main"},"west":{"uv":[4.59375,0.03125,5.15625,0.03125],"texture":"#main"},"up":{"uv":[4.5625,0.5625,4,0],"rotation":180,"texture":"#main"},"down":{"uv":[4.5625,0,4,0.5625],"rotation":180,"texture":"#main"}}},{"from":[5.23402,7.875,3.14027],"to":[23.23402,7.875,21.14027],"rotation":{"angle":45,"axis":"y","origin":[6.99192,7.9375,8.05593]},"faces":{"north":{"uv":[4.59375,0.03125,5.15625,0.03125],"texture":"#main"},"east":{"uv":[4.59375,0.0625,5.15625,0.0625],"texture":"#main"},"south":{"uv":[4.59375,0.09375,5.15625,0.09375],"texture":"#main"},"west":{"uv":[4.59375,0,5.15625,0],"texture":"#main"},"up":{"uv":[4.5625,0.5625,4,0],"rotation":270,"texture":"#main"},"down":{"uv":[4.5625,0,4,0.5625],"rotation":90,"texture":"#main"}}},{"from":[-3.67044,7.9,8.98703],"to":[14.32956,7.9,26.98703],"rotation":{"angle":0,"axis":"y","origin":[6.99192,7.9375,8.05593]},"faces":{"north":{"uv":[4.59375,0,5.15625,0],"texture":"#main"},"east":{"uv":[4.59375,0.03125,5.15625,0.03125],"texture":"#main"},"south":{"uv":[4.59375,0.0625,5.15625,0.0625],"texture":"#main"},"west":{"uv":[4.59375,0.09375,5.15625,0.09375],"texture":"#main"},"up":{"uv":[4.5625,0.5625,4,0],"texture":"#main"},"down":{"uv":[4.5625,0,4,0.5625],"texture":"#main"}}},{"from":[-1.96699,8,7.92642],"to":[16.03301,8,25.92642],"rotation":{"angle":-22.5,"axis":"y","origin":[6.99192,7.9375,8.05593]},"faces":{"north":{"uv":[10.59375,0,11.15625,0],"texture":"#main"},"east":{"uv":[10.59375,0.03125,11.15625,0.03125],"texture":"#main"},"south":{"uv":[10.59375,0.0625,11.15625,0.0625],"texture":"#main"},"west":{"uv":[10.59375,0.09375,11.15625,0.09375],"texture":"#main"},"up":{"uv":[10.5625,0.5625,10,0],"texture":"#main"},"down":{"uv":[10.5625,0,10,0.5625],"texture":"#main"}}},{"from":[0.50163,7.95,-10.04644],"to":[18.50163,7.95,7.95356],"rotation":{"angle":45,"axis":"y","origin":[6.99192,7.9375,8.05593]},"faces":{"north":{"uv":[10.59375,0.0625,11.15625,0.0625],"texture":"#main"},"east":{"uv":[10.59375,0.09375,11.15625,0.09375],"texture":"#main"},"south":{"uv":[10.59375,0,11.15625,0],"texture":"#main"},"west":{"uv":[10.59375,0.03125,11.15625,0.03125],"texture":"#main"},"up":{"uv":[10.5625,0.5625,10,0],"rotation":180,"texture":"#main"},"down":{"uv":[10.5625,0,10,0.5625],"rotation":180,"texture":"#main"}}},{"from":[6.58007,7.975,-1.40976],"to":[24.58007,7.975,16.59024],"rotation":{"angle":0,"axis":"y","origin":[6.99192,7.9375,8.05593]},"faces":{"north":{"uv":[10.59375,0.03125,11.15625,0.03125],"texture":"#main"},"east":{"uv":[10.59375,0.0625,11.15625,0.0625],"texture":"#main"},"south":{"uv":[10.59375,0.09375,11.15625,0.09375],"texture":"#main"},"west":{"uv":[10.59375,0,11.15625,0],"texture":"#main"},"up":{"uv":[10.5625,0.5625,10,0],"rotation":270,"texture":"#main"},"down":{"uv":[10.5625,0,10,0.5625],"rotation":90,"texture":"#main"}}},{"from":[-10.59623,7.925,0.304],"to":[7.40377,7.925,18.304],"rotation":{"angle":0,"axis":"y","origin":[6.99192,7.9375,8.05593]},"faces":{"north":{"uv":[8.59375,0.09375,9.15625,0.09375],"texture":"#main"},"east":{"uv":[8.59375,0,9.15625,0],"texture":"#main"},"south":{"uv":[8.59375,0.03125,9.15625,0.03125],"texture":"#main"},"west":{"uv":[8.59375,0.0625,9.15625,0.0625],"texture":"#main"},"up":{"uv":[8.5625,0.5625,8,0],"rotation":90,"texture":"#main"},"down":{"uv":[8.5625,0,8,0.5625],"rotation":270,"texture":"#main"}}},{"from":[2.07626,7.875,-8.18616],"to":[20.07626,7.875,9.81384],"rotation":{"angle":0,"axis":"y","origin":[6.99192,7.9375,8.05593]},"faces":{"north":{"uv":[8.59375,0.0625,9.15625,0.0625],"texture":"#main"},"east":{"uv":[8.59375,0.09375,9.15625,0.09375],"texture":"#main"},"south":{"uv":[8.59375,0,9.15625,0],"texture":"#main"},"west":{"uv":[8.59375,0.03125,9.15625,0.03125],"texture":"#main"},"up":{"uv":[8.5625,0.5625,8,0],"rotation":180,"texture":"#main"},"down":{"uv":[8.5625,0,8,0.5625],"rotation":180,"texture":"#main"}}},{"from":[-3.67044,7.9,8.98703],"to":[14.32956,7.9,26.98703],"rotation":{"angle":45,"axis":"y","origin":[6.99192,7.9375,8.05593]},"faces":{"north":{"uv":[8.59375,0,9.15625,0],"texture":"#main"},"east":{"uv":[8.59375,0.03125,9.15625,0.03125],"texture":"#main"},"south":{"uv":[8.59375,0.0625,9.15625,0.0625],"texture":"#main"},"west":{"uv":[8.59375,0.09375,9.15625,0.09375],"texture":"#main"},"up":{"uv":[8.5625,0.5625,8,0],"texture":"#main"},"down":{"uv":[8.5625,0,8,0.5625],"texture":"#main"}}},{"from":[-1.96699,8,7.92642],"to":[16.03301,8,25.92642],"rotation":{"angle":22.5,"axis":"y","origin":[6.99192,7.9375,8.05593]},"faces":{"north":{"uv":[14.59375,0,15.15625,0],"texture":"#main"},"east":{"uv":[14.59375,0.03125,15.15625,0.03125],"texture":"#main"},"south":{"uv":[14.59375,0.0625,15.15625,0.0625],"texture":"#main"},"west":{"uv":[14.59375,0.09375,15.15625,0.09375],"texture":"#main"},"up":{"uv":[14.5625,0.5625,14,0],"texture":"#main"},"down":{"uv":[14.5625,0,14,0.5625],"texture":"#main"}}},{"from":[-11.11045,7.95,-3.45378],"to":[6.88955,7.95,14.54622],"rotation":{"angle":0,"axis":"y","origin":[6.99192,7.9375,8.05593]},"faces":{"north":{"uv":[14.59375,0.09375,15.15625,0.09375],"texture":"#main"},"east":{"uv":[14.59375,0,15.15625,0],"texture":"#main"},"south":{"uv":[14.59375,0.03125,15.15625,0.03125],"texture":"#main"},"west":{"uv":[14.59375,0.0625,15.15625,0.0625],"texture":"#main"},"up":{"uv":[14.5625,0.5625,14,0],"rotation":90,"texture":"#main"},"down":{"uv":[14.5625,0,14,0.5625],"rotation":270,"texture":"#main"}}},{"from":[6.58007,7.975,-1.40976],"to":[24.58007,7.975,16.59024],"rotation":{"angle":45,"axis":"y","origin":[6.99192,7.9375,8.05593]},"faces":{"north":{"uv":[14.59375,0.03125,15.15625,0.03125],"texture":"#main"},"east":{"uv":[14.59375,0.0625,15.15625,0.0625],"texture":"#main"},"south":{"uv":[14.59375,0.09375,15.15625,0.09375],"texture":"#main"},"west":{"uv":[14.59375,0,15.15625,0],"texture":"#main"},"up":{"uv":[14.5625,0.5625,14,0],"rotation":270,"texture":"#main"},"down":{"uv":[14.5625,0,14,0.5625],"rotation":90,"texture":"#main"}}},{"from":[-10.59623,7.925,0.304],"to":[7.40377,7.925,18.304],"rotation":{"angle":45,"axis":"y","origin":[6.99192,7.9375,8.05593]},"faces":{"north":{"uv":[12.59375,0.09375,13.15625,0.09375],"texture":"#main"},"east":{"uv":[12.59375,0,13.15625,0],"texture":"#main"},"south":{"uv":[12.59375,0.03125,13.15625,0.03125],"texture":"#main"},"west":{"uv":[12.59375,0.0625,13.15625,0.0625],"texture":"#main"},"up":{"uv":[12.5625,0.5625,12,0],"rotation":90,"texture":"#main"},"down":{"uv":[12.5625,0,12,0.5625],"rotation":270,"texture":"#main"}}},{"from":[2.07626,7.875,-8.18616],"to":[20.07626,7.875,9.81384],"rotation":{"angle":45,"axis":"y","origin":[6.99192,7.9375,8.05593]},"faces":{"north":{"uv":[12.59375,0.0625,13.15625,0.0625],"texture":"#main"},"east":{"uv":[12.59375,0.09375,13.15625,0.09375],"texture":"#main"},"south":{"uv":[12.59375,0,13.15625,0],"texture":"#main"},"west":{"uv":[12.59375,0.03125,13.15625,0.03125],"texture":"#main"},"up":{"uv":[12.5625,0.5625,12,0],"rotation":180,"texture":"#main"},"down":{"uv":[12.5625,0,12,0.5625],"rotation":180,"texture":"#main"}}},{"from":[7.92302,7.9,0.71829],"to":[25.92302,7.9,18.71829],"rotation":{"angle":0,"axis":"y","origin":[6.99192,7.9375,8.05593]},"faces":{"north":{"uv":[12.59375,0.03125,13.15625,0.03125],"texture":"#main"},"east":{"uv":[12.59375,0.0625,13.15625,0.0625],"texture":"#main"},"south":{"uv":[12.59375,0.09375,13.15625,0.09375],"texture":"#main"},"west":{"uv":[12.59375,0,13.15625,0],"texture":"#main"},"up":{"uv":[12.5625,0.5625,12,0],"rotation":270,"texture":"#main"},"down":{"uv":[12.5625,0,12,0.5625],"rotation":90,"texture":"#main"}}},{"from":[6.86241,8,-0.98516],"to":[24.86241,8,17.01484],"rotation":{"angle":-22.5,"axis":"y","origin":[6.99192,7.9375,8.05593]},"faces":{"north":{"uv":[2.59375,4.03125,3.15625,4.03125],"texture":"#main"},"east":{"uv":[2.59375,4.0625,3.15625,4.0625],"texture":"#main"},"south":{"uv":[2.59375,4.09375,3.15625,4.09375],"texture":"#main"},"west":{"uv":[2.59375,4,3.15625,4],"texture":"#main"},"up":{"uv":[2.5625,4.5625,2,4],"rotation":270,"texture":"#main"},"down":{"uv":[2.5625,4,2,4.5625],"rotation":90,"texture":"#main"}}},{"from":[-11.11045,7.95,-3.45378],"to":[6.88955,7.95,14.54622],"rotation":{"angle":45,"axis":"y","origin":[6.99192,7.9375,8.05593]},"faces":{"north":{"uv":[2.59375,4.09375,3.15625,4.09375],"texture":"#main"},"east":{"uv":[2.59375,4,3.15625,4],"texture":"#main"},"south":{"uv":[2.59375,4.03125,3.15625,4.03125],"texture":"#main"},"west":{"uv":[2.59375,4.0625,3.15625,4.0625],"texture":"#main"},"up":{"uv":[2.5625,4.5625,2,4],"rotation":90,"texture":"#main"},"down":{"uv":[2.5625,4,2,4.5625],"rotation":270,"texture":"#main"}}},{"from":[-2.47377,7.975,-9.53222],"to":[15.52623,7.975,8.46778],"rotation":{"angle":0,"axis":"y","origin":[6.99192,7.9375,8.05593]},"faces":{"north":{"uv":[2.59375,4.0625,3.15625,4.0625],"texture":"#main"},"east":{"uv":[2.59375,4.09375,3.15625,4.09375],"texture":"#main"},"south":{"uv":[2.59375,4,3.15625,4],"texture":"#main"},"west":{"uv":[2.59375,4.03125,3.15625,4.03125],"texture":"#main"},"up":{"uv":[2.5625,4.5625,2,4],"rotation":180,"texture":"#main"},"down":{"uv":[2.5625,4,2,4.5625],"rotation":180,"texture":"#main"}}},{"from":[-0.76001,7.925,7.64408],"to":[17.23999,7.925,25.64408],"rotation":{"angle":0,"axis":"y","origin":[6.99192,7.9375,8.05593]},"faces":{"north":{"uv":[0.59375,4,1.15625,4],"texture":"#main"},"east":{"uv":[0.59375,4.03125,1.15625,4.03125],"texture":"#main"},"south":{"uv":[0.59375,4.0625,1.15625,4.0625],"texture":"#main"},"west":{"uv":[0.59375,4.09375,1.15625,4.09375],"texture":"#main"},"up":{"uv":[0.5625,4.5625,0,4],"texture":"#main"},"down":{"uv":[0.5625,4,0,4.5625],"texture":"#main"}}},{"from":[-9.25017,7.875,-5.0284],"to":[8.74983,7.875,12.9716],"rotation":{"angle":0,"axis":"y","origin":[6.99192,7.9375,8.05593]},"faces":{"north":{"uv":[0.59375,4.09375,1.15625,4.09375],"texture":"#main"},"east":{"uv":[0.59375,4,1.15625,4],"texture":"#main"},"south":{"uv":[0.59375,4.03125,1.15625,4.03125],"texture":"#main"},"west":{"uv":[0.59375,4.0625,1.15625,4.0625],"texture":"#main"},"up":{"uv":[0.5625,4.5625,0,4],"rotation":90,"texture":"#main"},"down":{"uv":[0.5625,4,0,4.5625],"rotation":270,"texture":"#main"}}},{"from":[7.92302,7.9,0.71829],"to":[25.92302,7.9,18.71829],"rotation":{"angle":45,"axis":"y","origin":[6.99192,7.9375,8.05593]},"faces":{"north":{"uv":[0.59375,4.03125,1.15625,4.03125],"texture":"#main"},"east":{"uv":[0.59375,4.0625,1.15625,4.0625],"texture":"#main"},"south":{"uv":[0.59375,4.09375,1.15625,4.09375],"texture":"#main"},"west":{"uv":[0.59375,4,1.15625,4],"texture":"#main"},"up":{"uv":[0.5625,4.5625,0,4],"rotation":270,"texture":"#main"},"down":{"uv":[0.5625,4,0,4.5625],"rotation":90,"texture":"#main"}}},{"from":[-10.87856,8,-0.90298],"to":[7.12144,8,17.09702],"rotation":{"angle":-22.5,"axis":"y","origin":[6.99192,7.9375,8.05593]},"faces":{"north":{"uv":[2.59375,0.09375,3.15625,0.09375],"texture":"#main"},"east":{"uv":[2.59375,0,3.15625,0],"texture":"#main"},"south":{"uv":[2.59375,0.03125,3.15625,0.03125],"texture":"#main"},"west":{"uv":[2.59375,0.0625,3.15625,0.0625],"texture":"#main"},"up":{"uv":[2.5625,0.5625,2,0],"rotation":90,"texture":"#main"},"down":{"uv":[2.5625,0,2,0.5625],"rotation":270,"texture":"#main"}}},{"from":[7.0943,7.95,1.56564],"to":[25.0943,7.95,19.56564],"rotation":{"angle":45,"axis":"y","origin":[6.99192,7.9375,8.05593]},"faces":{"north":{"uv":[2.59375,0.03125,3.15625,0.03125],"texture":"#main"},"east":{"uv":[2.59375,0.0625,3.15625,0.0625],"texture":"#main"},"south":{"uv":[2.59375,0.09375,3.15625,0.09375],"texture":"#main"},"west":{"uv":[2.59375,0,3.15625,0],"texture":"#main"},"up":{"uv":[2.5625,0.5625,2,0],"rotation":270,"texture":"#main"},"down":{"uv":[2.5625,0,2,0.5625],"rotation":90,"texture":"#main"}}},{"from":[-1.54239,7.975,7.64408],"to":[16.45761,7.975,25.64408],"rotation":{"angle":0,"axis":"y","origin":[6.99192,7.9375,8.05593]},"faces":{"north":{"uv":[2.59375,0,3.15625,0],"texture":"#main"},"east":{"uv":[2.59375,0.03125,3.15625,0.03125],"texture":"#main"},"south":{"uv":[2.59375,0.0625,3.15625,0.0625],"texture":"#main"},"west":{"uv":[2.59375,0.09375,3.15625,0.09375],"texture":"#main"},"up":{"uv":[2.5625,0.5625,2,0],"texture":"#main"},"down":{"uv":[2.5625,0,2,0.5625],"texture":"#main"}}},{"from":[-3.25614,7.925,-9.53222],"to":[14.74386,7.925,8.46778],"rotation":{"angle":0,"axis":"y","origin":[6.99192,7.9375,8.05593]},"faces":{"north":{"uv":[0.59375,0.0625,1.15625,0.0625],"texture":"#main"},"east":{"uv":[0.59375,0.09375,1.15625,0.09375],"texture":"#main"},"south":{"uv":[0.59375,0,1.15625,0],"texture":"#main"},"west":{"uv":[0.59375,0.03125,1.15625,0.03125],"texture":"#main"},"up":{"uv":[0.5625,0.5625,0,0],"rotation":180,"texture":"#main"},"down":{"uv":[0.5625,0,0,0.5625],"rotation":180,"texture":"#main"}}},{"from":[5.23402,7.875,3.14027],"to":[23.23402,7.875,21.14027],"rotation":{"angle":0,"axis":"y","origin":[6.99192,7.9375,8.05593]},"faces":{"north":{"uv":[0.59375,0.03125,1.15625,0.03125],"texture":"#main"},"east":{"uv":[0.59375,0.0625,1.15625,0.0625],"texture":"#main"},"south":{"uv":[0.59375,0.09375,1.15625,0.09375],"texture":"#main"},"west":{"uv":[0.59375,0,1.15625,0],"texture":"#main"},"up":{"uv":[0.5625,0.5625,0,0],"rotation":270,"texture":"#main"},"down":{"uv":[0.5625,0,0,0.5625],"rotation":90,"texture":"#main"}}},{"from":[-11.93917,7.9,-2.60643],"to":[6.06083,7.9,15.39357],"rotation":{"angle":45,"axis":"y","origin":[6.99192,7.9375,8.05593]},"faces":{"north":{"uv":[0.59375,0.09375,1.15625,0.09375],"texture":"#main"},"east":{"uv":[0.59375,0,1.15625,0],"texture":"#main"},"south":{"uv":[0.59375,0.03125,1.15625,0.03125],"texture":"#main"},"west":{"uv":[0.59375,0.0625,1.15625,0.0625],"texture":"#main"},"up":{"uv":[0.5625,0.5625,0,0],"rotation":90,"texture":"#main"},"down":{"uv":[0.5625,0,0,0.5625],"rotation":270,"texture":"#main"}}}],"display":{"thirdperson_righthand":{"rotation":[78,0,0]},"head":{"translation":[0.25,-17.5,0]}}}