{"sources":[{"type":"single","resource":"skills_kitetsu:redbuff/redbuff_8"},{"type":"single","resource":"skills_kitetsu:redbuff/redbuff_9"},{"type":"single","resource":"dragon_warrior:dragon_warrior_texture/dragon_dash_charge4_2"},{"type":"single","resource":"skills_kitetsu:redbuff/redbuff_6"},{"type":"single","resource":"skills_kitetsu:redbuff/redbuff_7"},{"type":"single","resource":"dragon_warrior:dragon_warrior_texture/dragon_dash_pierce5_2"},{"type":"single","resource":"doombringer_axe:doombringer_axe_texture/warrior_slash1_2"},{"type":"single","resource":"dragon_warrior:dragon_warrior_texture/dragon_slash6_2"},{"type":"single","resource":"warrior:warrior_texture/whirlwind3_2"},{"type":"single","resource":"skills_kitetsu:double_vertical_slash/double_vertical_slash_8"},{"type":"single","resource":"skills_kitetsu:redbuff/redbuff_1"},{"type":"single","resource":"skills_kitetsu:double_vertical_slash/double_vertical_slash_6"},{"type":"single","resource":"skills_kitetsu:double_vertical_slash/double_vertical_slash_7"},{"type":"single","resource":"martial_artist:martial_artist_texture/strike_slash_6"},{"type":"single","resource":"skills_kitetsu:redbuff/redbuff_4"},{"type":"single","resource":"skills_kitetsu:double_vertical_slash/double_vertical_slash_4"},{"type":"single","resource":"skills_kitetsu:redbuff/redbuff_5"},{"type":"single","resource":"skills_kitetsu:double_vertical_slash/double_vertical_slash_5"},{"type":"single","resource":"skills_kitetsu:redbuff/redbuff_2"},{"type":"single","resource":"skills_kitetsu:double_vertical_slash/double_vertical_slash_2"},{"type":"single","resource":"skills_kitetsu:redbuff/redbuff_3"},{"type":"single","resource":"skills_kitetsu:double_vertical_slash/double_vertical_slash_3"},{"type":"single","resource":"warrior:warrior_texture/icon_rampage"},{"type":"single","resource":"skills_kitetsu:double_vertical_slash/double_vertical_slash_1"},{"type":"single","resource":"skills_kitetsu:double_vertical_slash_red/double_vertical_slash_red_8"},{"type":"single","resource":"skills_kitetsu:double_vertical_slash_red/double_vertical_slash_red_7"},{"type":"single","resource":"skills_kitetsu:double_vertical_slash_red/double_vertical_slash_red_6"},{"type":"single","resource":"skills_kitetsu:double_vertical_slash_red/double_vertical_slash_red_1"},{"type":"single","resource":"ninja_samurai:ninja_samurai_texture/flow_state"},{"type":"single","resource":"skills_kitetsu:double_vertical_slash_red/double_vertical_slash_red_5"},{"type":"single","resource":"skills_kitetsu:double_vertical_slash_red/double_vertical_slash_red_4"},{"type":"single","resource":"skills_kitetsu:double_vertical_slash_red/double_vertical_slash_red_3"},{"type":"single","resource":"skills_kitetsu:double_vertical_slash_red/double_vertical_slash_red_2"},{"type":"single","resource":"martial_artist:martial_artist_texture/icon_evasion"},{"type":"single","resource":"thor_texture/hit_sharp_fx_2"},{"type":"single","resource":"blaze:mineas_blaze_texture/blaze_x5"},{"type":"single","resource":"thor_texture/2_spark_fx_a"},{"type":"single","resource":"thor_texture/hit_sharp_fx_3"},{"type":"single","resource":"blaze:mineas_blaze_texture/blaze_x4"},{"type":"single","resource":"thor_texture/hit_sharp_fx_1"},{"type":"single","resource":"thor_texture/hit_sharp_fx_6"},{"type":"single","resource":"blaze:mineas_blaze_texture/blaze_x1"},{"type":"single","resource":"_iainternal:icons/icon_arrow_chest"},{"type":"single","resource":"thor_texture/hit_sharp_fx_4"},{"type":"single","resource":"blaze:mineas_blaze_texture/blaze_x3"},{"type":"single","resource":"thor_texture/hit_sharp_fx_5"},{"type":"single","resource":"blaze:mineas_blaze_texture/blaze_x2"},{"type":"single","resource":"zephyr:zephyr_texture/icon_tornado"},{"type":"single","resource":"paladin:paladin_texture/holy_wings_1"},{"type":"single","resource":"paladin:paladin_texture/holy_wings_2"},{"type":"single","resource":"paladin:paladin_texture/holy_wings_3"},{"type":"single","resource":"paladin:paladin_texture/holy_wings_4"},{"type":"single","resource":"paladin:paladin_texture/holy_wings_5"},{"type":"single","resource":"martial_artist:martial_artist_texture/martial_artist_shadow_gauntlet"},{"type":"single","resource":"warrior:warrior_texture/icon_charge"},{"type":"single","resource":"blaze:mineas_blaze_texture/blaze_dash1"},{"type":"single","resource":"dragon_warrior:dragon_warrior_texture/dragon_ground_slash_2"},{"type":"single","resource":"reaper:reaper_texture/icon_soul_slice"},{"type":"single","resource":"dragon_warrior:dragon_warrior_texture/dragon_dash_pierce3_2"},{"type":"single","resource":"paladin:paladin_texture/paladin_shield_10"},{"type":"single","resource":"blaze:mineas_blaze_texture/blaze_dash3"},{"type":"single","resource":"dragon_warrior:dragon_warrior_texture/dragon_slash4_2"},{"type":"single","resource":"blaze:mineas_blaze_texture/blaze_dash2"},{"type":"single","resource":"blaze:mineas_blaze_texture/blaze_dash4"},{"type":"single","resource":"dragon_warrior:dragon_warrior_texture/dragon_dash_charge2_2"},{"type":"single","resource":"warrior:warrior_texture/whirlwind1_2"},{"type":"single","resource":"paladin:paladin_texture/paladin_slash_8"},{"type":"single","resource":"paladin:paladin_texture/paladin_slash_7"},{"type":"single","resource":"paladin:paladin_texture/paladin_slash_6"},{"type":"single","resource":"martial_artist:martial_artist_texture/strike_slash_shadow_6"},{"type":"single","resource":"paladin:paladin_texture/paladin_slash_5"},{"type":"single","resource":"martial_artist:martial_artist_texture/strike_slash_shadow_5"},{"type":"single","resource":"martial_artist:martial_artist_texture/strike_slash_shadow_4"},{"type":"single","resource":"martial_artist:martial_artist_texture/strike_slash_shadow_3"},{"type":"single","resource":"martial_artist:martial_artist_texture/strike_slash_shadow_2"},{"type":"single","resource":"paladin:paladin_texture/paladin_slash_9"},{"type":"single","resource":"martial_artist:martial_artist_texture/strike_slash_shadow_1"},{"type":"single","resource":"warrior:warrior_texture/icon_shield_barrier"},{"type":"single","resource":"null_texture/null_arrow"},{"type":"single","resource":"ninja_samurai:ninja_samurai_texture/icon_death_charge"},{"type":"single","resource":"gluttony_evo:gluttony_evo_texture/soul_flame_1_shadow"},{"type":"single","resource":"reaper:reaper_texture/soul_spin_shadow_a"},{"type":"single","resource":"paladin:paladin_texture/paladin_slash_4"},{"type":"single","resource":"paladin:paladin_texture/icon_bound_seal"},{"type":"single","resource":"paladin:paladin_texture/paladin_slash_3"},{"type":"single","resource":"paladin:paladin_texture/paladin_slash_2"},{"type":"single","resource":"paladin:paladin_texture/paladin_slash_1"},{"type":"single","resource":"paladin:paladin_texture/light_eruption_7"},{"type":"single","resource":"reaper:reaper_texture/soul_wave_1"},{"type":"single","resource":"reaper:reaper_texture/soul_wave_2"},{"type":"single","resource":"paladin:paladin_texture/light_eruption_3"},{"type":"single","resource":"paladin:paladin_texture/light_eruption_4"},{"type":"single","resource":"paladin:paladin_texture/light_eruption_5"},{"type":"single","resource":"skills_kitetsu:double_horizon_slash_red/double_horizon_slash_red_8"},{"type":"single","resource":"paladin:paladin_texture/light_eruption_6"},{"type":"single","resource":"skills_kitetsu:double_horizon_slash_red/double_horizon_slash_red_7"},{"type":"single","resource":"thor_texture/hit_circle_fx_5"},{"type":"single","resource":"skills_kitetsu:double_horizon_slash_red/double_horizon_slash_red_6"},{"type":"single","resource":"thor_texture/hit_circle_fx_4"},{"type":"single","resource":"skills_kitetsu:double_horizon_slash_red/double_horizon_slash_red_5"},{"type":"single","resource":"thor_texture/hit_circle_fx_3"},{"type":"single","resource":"skills_kitetsu:double_horizon_slash_red/double_horizon_slash_red_4"},{"type":"single","resource":"thor_texture/hit_circle_fx_2"},{"type":"single","resource":"thor_armor:thor_helmet"},{"type":"single","resource":"skills_kitetsu:double_horizon_slash_red/double_horizon_slash_red_3"},{"type":"single","resource":"thor_texture/hit_circle_fx_1"},{"type":"single","resource":"skills_kitetsu:double_horizon_slash_red/double_horizon_slash_red_2"},{"type":"single","resource":"skills_kitetsu:double_horizon_slash_red/double_horizon_slash_red_1"},{"type":"single","resource":"archmage:archmage_texture/icon_arcane_devastation"},{"type":"single","resource":"thor_texture/icon_mighty_thunder"},{"type":"single","resource":"thor_texture/hit_circle_fx_6"},{"type":"single","resource":"paladin:paladin_texture/icon_last_stand"},{"type":"single","resource":"thor_armor:thor_boots"},{"type":"single","resource":"null_texture/icon_void_arrow"},{"type":"single","resource":"reaper:reaper_texture/shadow_cut_3"},{"type":"single","resource":"paladin:paladin_texture/paladin_hammer"},{"type":"single","resource":"reaper:reaper_texture/shadow_cut_4"},{"type":"single","resource":"reaper:reaper_texture/shadow_cut_5"},{"type":"single","resource":"skills_kitetsu:round_slash/round_slash_1"},{"type":"single","resource":"reaper:reaper_texture/shadow_cut_6"},{"type":"single","resource":"skills_kitetsu:round_slash/round_slash_2"},{"type":"single","resource":"reaper:reaper_texture/shadow_cut_7"},{"type":"single","resource":"skills_kitetsu:round_slash/round_slash_3"},{"type":"single","resource":"reaper:reaper_texture/shadow_cut_8"},{"type":"single","resource":"skills_kitetsu:round_slash/round_slash_4"},{"type":"single","resource":"skills_kitetsu:round_slash/round_slash_5"},{"type":"single","resource":"martial_artist:martial_artist_texture/martial_artist_shadow_gauntlet_4"},{"type":"single","resource":"reaper:reaper_texture/soul_slice_2_death"},{"type":"single","resource":"assassin:assassin_texture/sword"},{"type":"single","resource":"gluttony_evo:gluttony_evo_texture/soul_flame_6_shadow"},{"type":"single","resource":"martial_artist:martial_artist_texture/martial_artist_shadow_gauntlet_2"},{"type":"single","resource":"martial_artist:martial_artist_texture/martial_artist_shadow_gauntlet_3"},{"type":"single","resource":"paladin:paladin_texture/light_eruption_1"},{"type":"single","resource":"reaper:reaper_texture/soul_wave_7"},{"type":"single","resource":"paladin:paladin_texture/light_eruption_2"},{"type":"single","resource":"reaper:reaper_texture/soul_wave_5"},{"type":"single","resource":"reaper:reaper_texture/soul_wave_6"},{"type":"single","resource":"reaper:reaper_texture/soul_wave_3"},{"type":"single","resource":"reaper:reaper_texture/shadow_cut_1"},{"type":"single","resource":"reaper:reaper_texture/soul_wave_4"},{"type":"single","resource":"reaper:reaper_texture/shadow_cut_2"},{"type":"single","resource":"dragon_warrior:dragon_warrior_texture/icon_dragon_dash"},{"type":"single","resource":"dragon_warrior:dragon_warrior_texture/dragon_dash_pierce1_2"},{"type":"single","resource":"_iainternal:icons/icon_left_blue"},{"type":"single","resource":"dragon_warrior:dragon_warrior_texture/dragon_wings8_2"},{"type":"single","resource":"doombringer_axe:doombringer_axe_texture/inferno_wheel_2"},{"type":"single","resource":"dragon_warrior:dragon_warrior_texture/dragon_slash2_2"},{"type":"single","resource":"doombringer_axe:doombringer_axe_texture/inferno_wheel_1"},{"type":"single","resource":"doombringer_axe:doombringer_axe_texture/inferno_wheel_4"},{"type":"single","resource":"doombringer_axe:doombringer_axe_texture/inferno_wheel_3"},{"type":"single","resource":"doombringer_axe:doombringer_axe_texture/inferno_wheel_6"},{"type":"single","resource":"doombringer_axe:doombringer_axe_texture/inferno_wheel_5"},{"type":"single","resource":"martial_artist:martial_artist_texture/strike_2"},{"type":"single","resource":"martial_artist:martial_artist_texture/strike_3"},{"type":"single","resource":"martial_artist:martial_artist_texture/strike_1"},{"type":"single","resource":"reaper:reaper_texture/soul_slice_7_death"},{"type":"single","resource":"warrior:warrior_texture/warrior_slash3"},{"type":"single","resource":"warrior:warrior_texture/warrior_slash4"},{"type":"single","resource":"warrior:warrior_texture/warrior_slash5"},{"type":"single","resource":"warrior:warrior_texture/warrior_slash6"},{"type":"single","resource":"skills_kitetsu:katana/katanadragonblue"},{"type":"single","resource":"reaper:reaper_texture/ground_pound_1"},{"type":"single","resource":"warrior:warrior_texture/warrior_slash1"},{"type":"single","resource":"warrior:warrior_texture/warrior_slash2"},{"type":"single","resource":"warrior:warrior_texture/warrior_thrust3"},{"type":"single","resource":"warrior:warrior_texture/warrior_thrust2"},{"type":"single","resource":"warrior:warrior_texture/warrior_thrust5"},{"type":"single","resource":"warrior:warrior_texture/warrior_thrust6_2"},{"type":"single","resource":"warrior:warrior_texture/warrior_thrust4"},{"type":"single","resource":"skills_kitetsu:double_horizon_slash/double_horizon_slash_8"},{"type":"single","resource":"warrior:warrior_texture/warrior_thrust1"},{"type":"single","resource":"skills_kitetsu:double_horizon_slash/double_horizon_slash_4"},{"type":"single","resource":"skills_kitetsu:double_horizon_slash/double_horizon_slash_5"},{"type":"single","resource":"skills_kitetsu:double_horizon_slash/double_horizon_slash_6"},{"type":"single","resource":"null_texture/void_missile"},{"type":"single","resource":"skills_kitetsu:double_horizon_slash/double_horizon_slash_7"},{"type":"single","resource":"doombringer_axe:doombringer_axe_texture/inferno_wheel_10"},{"type":"single","resource":"skills_kitetsu:double_horizon_slash/double_horizon_slash_1"},{"type":"single","resource":"warrior:warrior_texture/warrior_thrust6"},{"type":"single","resource":"skills_kitetsu:double_horizon_slash/double_horizon_slash_2"},{"type":"single","resource":"skills_kitetsu:double_horizon_slash/double_horizon_slash_3"},{"type":"single","resource":"reaper:reaper_texture/scythe_reaper"},{"type":"single","resource":"reaper:reaper_texture/icon_god_of_death"},{"type":"single","resource":"dragon_warrior:dragon_warrior_texture/dragon_spin3"},{"type":"single","resource":"dragon_warrior:dragon_warrior_texture/dragon_spin2"},{"type":"single","resource":"dragon_warrior:dragon_warrior_texture/dragon_spin1"},{"type":"single","resource":"reaper:reaper_texture/soul_slice_6_death"},{"type":"single","resource":"martial_artist:martial_artist_texture/martial_artist_gauntlet_shiny"},{"type":"single","resource":"warrior:warrior_texture/warrior_slash7"},{"type":"single","resource":"martial_artist:martial_artist_texture/strike_6"},{"type":"single","resource":"martial_artist:martial_artist_texture/strike_4"},{"type":"single","resource":"martial_artist:martial_artist_texture/strike_5"},{"type":"single","resource":"reaper:reaper_texture/wilson"},{"type":"single","resource":"archmage:archmage_texture/icon_meteor_storm"},{"type":"single","resource":"zephyr:zephyr_texture/icon_hurricane_strike"},{"type":"single","resource":"skills_kitetsu:vertical_slash/vertical_slash_2"},{"type":"single","resource":"skills_kitetsu:vertical_slash/vertical_slash_3"},{"type":"single","resource":"skills_kitetsu:vertical_slash/vertical_slash_1"},{"type":"single","resource":"skills_kitetsu:vertical_slash/vertical_slash_6"},{"type":"single","resource":"skills_kitetsu:vertical_slash/vertical_slash_7"},{"type":"single","resource":"skills_kitetsu:vertical_slash/vertical_slash_4"},{"type":"single","resource":"skills_kitetsu:vertical_slash/vertical_slash_5"},{"type":"single","resource":"null_texture/null_head"},{"type":"single","resource":"skills_kitetsu:vertical_slash/vertical_slash_8"},{"type":"single","resource":"skills_kitetsu:vertical_slash/vertical_slash_9"},{"type":"single","resource":"gluttony_evo:gluttony_evo_texture/naga_yoku"},{"type":"single","resource":"ninja_samurai:ninja_samurai_texture/lacertaion_slash_4"},{"type":"single","resource":"ninja_samurai:ninja_samurai_texture/lacertaion_slash_5"},{"type":"single","resource":"dragon_warrior:dragon_warrior_texture/dragon_spear"},{"type":"single","resource":"ninja_samurai:ninja_samurai_texture/lacertaion_slash_2"},{"type":"single","resource":"ninja_samurai:ninja_samurai_texture/lacertaion_slash_3"},{"type":"single","resource":"zephyr:zephyr_texture/wind_slash_5"},{"type":"single","resource":"zephyr:zephyr_texture/wind_slash_4"},{"type":"single","resource":"reaper:reaper_texture/soul_slice_4_shadow"},{"type":"single","resource":"zephyr:zephyr_texture/wind_slash_6"},{"type":"single","resource":"zephyr:zephyr_texture/wind_slash_1"},{"type":"single","resource":"zephyr:zephyr_texture/wind_slash_3"},{"type":"single","resource":"zephyr:zephyr_texture/wind_slash_2"},{"type":"single","resource":"warrior:warrior_texture/warrior_thrust4_2"},{"type":"single","resource":"null_texture/icon_gravitational_boost"},{"type":"single","resource":"martial_artist:martial_artist_texture/icon_agile_strike"},{"type":"single","resource":"dragon_warrior:dragon_warrior_texture/dragon_spear_spirit_3"},{"type":"single","resource":"dragon_warrior:dragon_warrior_texture/dragon_spear_spirit_4"},{"type":"single","resource":"dragon_warrior:dragon_warrior_texture/dragon_spear_spirit_1"},{"type":"single","resource":"dragon_warrior:dragon_warrior_texture/dragon_spear_spirit_2"},{"type":"single","resource":"ninja_samurai:ninja_samurai_texture/shuriken_blade_a"},{"type":"single","resource":"assassin:assassin_texture/icon_assassins_blade"},{"type":"single","resource":"doombringer_axe:doombringer_axe_texture/whirlwind4_2"},{"type":"single","resource":"doombringer_axe:doombringer_axe_texture/inferno_wheel_8"},{"type":"single","resource":"doombringer_axe:doombringer_axe_texture/inferno_wheel_7"},{"type":"single","resource":"ninja_samurai:ninja_samurai_texture/lacertaion_slash_1"},{"type":"single","resource":"doombringer_axe:doombringer_axe_texture/inferno_wheel_9"},{"type":"single","resource":"zephyr:zephyr_texture/icon_wind_shadowstep"},{"type":"single","resource":"dragon_warrior:dragon_warrior_texture/icon_dragon_slash"},{"type":"single","resource":"skills_kitetsu:katana/katanaghost"},{"type":"single","resource":"paladin:paladin_texture/icon_heavenly_shield"},{"type":"single","resource":"skills_kitetsu:horz_slash/horz_slash_10"},{"type":"single","resource":"paladin:paladin_texture/paladin_shield_1"},{"type":"single","resource":"ninja_samurai:ninja_samurai_texture/shadow_slash_1"},{"type":"single","resource":"paladin:paladin_texture/paladin_shield_2"},{"type":"single","resource":"dragon_warrior:dragon_warrior_texture/dragon_wings4_2"},{"type":"single","resource":"cleric:cleric_texture/divine_immolation_5"},{"type":"single","resource":"cleric:cleric_texture/divine_immolation_6"},{"type":"single","resource":"cleric:cleric_texture/divine_immolation_3"},{"type":"single","resource":"cleric:cleric_texture/divine_immolation_4"},{"type":"single","resource":"cleric:cleric_texture/divine_immolation_1"},{"type":"single","resource":"cleric:cleric_texture/divine_immolation_2"},{"type":"single","resource":"doombringer_axe:doombringer_axe_texture/warrior_slash7"},{"type":"single","resource":"reaper:reaper_texture/ninja_shadow_1"},{"type":"single","resource":"warrior:warrior_texture/judgement_sword"},{"type":"single","resource":"reaper:reaper_texture/ninja_shadow_2"},{"type":"single","resource":"doombringer_axe:doombringer_axe_texture/warrior_slash5"},{"type":"single","resource":"reaper:reaper_texture/ninja_shadow_3"},{"type":"single","resource":"_iainternal:icons/icon_next_orange"},{"type":"single","resource":"doombringer_axe:doombringer_axe_texture/warrior_slash6"},{"type":"single","resource":"reaper:reaper_texture/ninja_shadow_4"},{"type":"single","resource":"doombringer_axe:doombringer_axe_texture/warrior_slash3"},{"type":"single","resource":"warrior:warrior_texture/warrior_slash3_2"},{"type":"single","resource":"doombringer_axe:doombringer_axe_texture/warrior_slash4"},{"type":"single","resource":"doombringer_axe:doombringer_axe_texture/warrior_slash1"},{"type":"single","resource":"doombringer_axe:doombringer_axe_texture/warrior_slash2"},{"type":"single","resource":"skills_kitetsu:sword/sword_3"},{"type":"single","resource":"skills_kitetsu:sword/sword_2"},{"type":"single","resource":"skills_kitetsu:sword/sword_1"},{"type":"single","resource":"skills_kitetsu:sword/sword_5"},{"type":"single","resource":"null_texture/void_blackhole"},{"type":"single","resource":"skills_kitetsu:sword/sword_4"},{"type":"single","resource":"martial_artist:martial_artist_texture/multi_strike_shadow"},{"type":"single","resource":"archmage:archmage_texture/arcane_slash_1"},{"type":"single","resource":"archmage:archmage_texture/arcane_slash_7"},{"type":"single","resource":"archmage:archmage_texture/arcane_slash_6"},{"type":"single","resource":"archmage:archmage_texture/arcane_slash_5"},{"type":"single","resource":"archmage:archmage_texture/arcane_slash_4"},{"type":"single","resource":"archmage:archmage_texture/arcane_slash_3"},{"type":"single","resource":"archmage:archmage_texture/arcane_slash_2"},{"type":"single","resource":"reaper:reaper_texture/soul_slice_5_shadow"},{"type":"single","resource":"reaper:reaper_texture/gag"},{"type":"single","resource":"ninja_samurai:ninja_samurai_texture/blood_pierce_2"},{"type":"single","resource":"ninja_samurai:ninja_samurai_texture/blood_pierce_1"},{"type":"single","resource":"archmage:archmage_texture/archmage_staff_shiny"},{"type":"single","resource":"gluttony_evo:gluttony_evo_texture/shuriken_blade_a"},{"type":"single","resource":"ninja_samurai:ninja_samurai_texture/shadow_slash_5"},{"type":"single","resource":"warrior:warrior_texture/warrior_thrust3_2"},{"type":"single","resource":"skills_kitetsu:katana/violetkatana"},{"type":"single","resource":"ninja_samurai:ninja_samurai_texture/shadow_slash_4"},{"type":"single","resource":"zephyr:zephyr_texture/wind_mark_a"},{"type":"single","resource":"ninja_samurai:ninja_samurai_texture/shadow_slash_3"},{"type":"single","resource":"ninja_samurai:ninja_samurai_texture/shadow_slash_2"},{"type":"single","resource":"doombringer_axe:doombringer_axe_texture/whirlwind2_2"},{"type":"single","resource":"ninja_samurai:ninja_samurai_texture/shadow_slash_7"},{"type":"single","resource":"ninja_samurai:ninja_samurai_texture/shadow_slash_6"},{"type":"single","resource":"ninja_samurai:ninja_samurai_texture/blood_pierce_4"},{"type":"single","resource":"ninja_samurai:ninja_samurai_texture/blood_pierce_3"},{"type":"single","resource":"ninja_samurai:ninja_samurai_texture/blood_pierce_5"},{"type":"single","resource":"reaper:reaper_texture/green_flame_2"},{"type":"single","resource":"thor_texture/icon_hammer_throw"},{"type":"single","resource":"martial_artist:martial_artist_texture/blue_strike_2"},{"type":"single","resource":"paladin:paladin_texture/paladin_spin_slash_a"},{"type":"single","resource":"martial_artist:martial_artist_texture/blue_strike_1"},{"type":"single","resource":"martial_artist:martial_artist_texture/blue_strike_4"},{"type":"single","resource":"martial_artist:martial_artist_texture/blue_strike_3"},{"type":"single","resource":"martial_artist:martial_artist_texture/blue_strike_6"},{"type":"single","resource":"martial_artist:martial_artist_texture/blue_strike_5"},{"type":"single","resource":"reaper:reaper_texture/soul_slice_1"},{"type":"single","resource":"gluttony_evo:gluttony_evo_texture/animasi1"},{"type":"single","resource":"dragon_warrior:dragon_warrior_texture/dragon_wings6_2"},{"type":"single","resource":"reaper:reaper_texture/soul_slice_2"},{"type":"single","resource":"gluttony_evo:gluttony_evo_texture/animasi2"},{"type":"single","resource":"reaper:reaper_texture/soul_slice_3"},{"type":"single","resource":"martial_artist:martial_artist_texture/agile_strike_4"},{"type":"single","resource":"reaper:reaper_texture/soul_slice_4"},{"type":"single","resource":"martial_artist:martial_artist_texture/agile_strike_3"},{"type":"single","resource":"reaper:reaper_texture/soul_slice_5"},{"type":"single","resource":"martial_artist:martial_artist_texture/agile_strike_2"},{"type":"single","resource":"reaper:reaper_texture/soul_slice_6"},{"type":"single","resource":"martial_artist:martial_artist_texture/agile_strike_1"},{"type":"single","resource":"reaper:reaper_texture/soul_slice_7"},{"type":"single","resource":"reaper:reaper_texture/soul_slice_8"},{"type":"single","resource":"doombringer_axe:doombringer_axe_texture/warrior_slash7_2"},{"type":"single","resource":"null_texture/void_portal"},{"type":"single","resource":"paladin:paladin_texture/holy_smash_rupture_6"},{"type":"single","resource":"martial_artist:martial_artist_texture/multi_strike_shadow_3"},{"type":"single","resource":"paladin:paladin_texture/holy_smash_rupture_5"},{"type":"single","resource":"martial_artist:martial_artist_texture/multi_strike_shadow_4"},{"type":"single","resource":"martial_artist:martial_artist_texture/multi_strike_shadow_2"},{"type":"single","resource":"reaper:reaper_texture/green_flame_e"},{"type":"single","resource":"null_texture/icon_pulse_mode"},{"type":"single","resource":"paladin:paladin_texture/holy_spear"},{"type":"single","resource":"warrior:warrior_texture/warrior_slash5_2"},{"type":"single","resource":"paladin:paladin_texture/holy_smash_rupture_2"},{"type":"single","resource":"paladin:paladin_texture/holy_smash_rupture_1"},{"type":"single","resource":"paladin:paladin_texture/holy_smash_rupture_4"},{"type":"single","resource":"paladin:paladin_texture/holy_smash_rupture_3"},{"type":"single","resource":"martial_artist:martial_artist_texture/blue_strike_slash_1"},{"type":"single","resource":"martial_artist:martial_artist_texture/blue_strike_slash_2"},{"type":"single","resource":"null_armor:null_chestplate"},{"type":"single","resource":"ninja_samurai:ninja_samurai_texture/icon_piercing_shuriken"},{"type":"single","resource":"skills_kitetsu:katana/goldenkatana"},{"type":"single","resource":"martial_artist:martial_artist_texture/blue_strike_slash_5"},{"type":"single","resource":"martial_artist:martial_artist_texture/blue_strike_slash_6"},{"type":"single","resource":"martial_artist:martial_artist_texture/blue_strike_slash_3"},{"type":"single","resource":"martial_artist:martial_artist_texture/blue_strike_slash_4"},{"type":"single","resource":"_iainternal:icons/icon_search"},{"type":"single","resource":"dragon_warrior:dragon_warrior_texture/dragon_spin3_2"},{"type":"single","resource":"paladin:paladin_texture/paladin_shield_5"},{"type":"single","resource":"paladin:paladin_texture/holy_ring_3"},{"type":"single","resource":"archmage:archmage_texture/icon_blizzard"},{"type":"single","resource":"paladin:paladin_texture/paladin_shield_6"},{"type":"single","resource":"paladin:paladin_texture/paladin_shield_3"},{"type":"single","resource":"dragon_warrior:dragon_warrior_texture/dragon_wings_a"},{"type":"single","resource":"paladin:paladin_texture/paladin_shield_4"},{"type":"single","resource":"paladin:paladin_texture/paladin_shield_9"},{"type":"single","resource":"paladin:paladin_texture/paladin_shield_7"},{"type":"single","resource":"paladin:paladin_texture/paladin_shield_8"},{"type":"single","resource":"ninja_samurai:ninja_samurai_texture/smoke_bomb_smoke_3"},{"type":"single","resource":"martial_artist:martial_artist_texture/impact_1"},{"type":"single","resource":"ninja_samurai:ninja_samurai_texture/smoke_bomb_smoke_2"},{"type":"single","resource":"ninja_samurai:ninja_samurai_texture/smoke_bomb_smoke_5"},{"type":"single","resource":"martial_artist:martial_artist_texture/impact_3"},{"type":"single","resource":"ninja_samurai:ninja_samurai_texture/smoke_bomb_smoke_4"},{"type":"single","resource":"martial_artist:martial_artist_texture/impact_2"},{"type":"single","resource":"martial_artist:martial_artist_texture/impact_5"},{"type":"single","resource":"martial_artist:martial_artist_texture/impact_4"},{"type":"single","resource":"paladin:paladin_texture/holy_ring_1"},{"type":"single","resource":"ninja_samurai:ninja_samurai_texture/smoke_bomb_smoke_1"},{"type":"single","resource":"warrior:warrior_texture/warrior_thrust1_2"},{"type":"single","resource":"skills_kitetsu:vertical_slash/vertical_slash_10"},{"type":"single","resource":"paladin:paladin_texture/holy_ring_2"},{"type":"single","resource":"martial_artist:martial_artist_texture/impact_6"},{"type":"single","resource":"ninja_samurai:ninja_samurai_texture/ground_pound_4"},{"type":"single","resource":"ninja_samurai:ninja_samurai_texture/ground_pound_5"},{"type":"single","resource":"thor_texture/thunder_leap_fx_8"},{"type":"single","resource":"thor_texture/thunder_leap_fx_7"},{"type":"single","resource":"thor_texture/thunder_leap_fx_6"},{"type":"single","resource":"thor_texture/thunder_leap_fx_5"},{"type":"single","resource":"thor_texture/thunder_leap_fx_4"},{"type":"single","resource":"reaper:reaper_texture/siento"},{"type":"single","resource":"thor_texture/thunder_leap_fx_3"},{"type":"single","resource":"thor_texture/thunder_leap_fx_2"},{"type":"single","resource":"thor_texture/thunder_leap_fx_1"},{"type":"single","resource":"ninja_samurai:ninja_samurai_texture/ground_pound_1"},{"type":"single","resource":"ninja_samurai:ninja_samurai_texture/ground_pound_2"},{"type":"single","resource":"ninja_samurai:ninja_samurai_texture/ground_pound_3"},{"type":"single","resource":"reaper:reaper_texture/wlee"},{"type":"single","resource":"assassin:assassin_texture/assassin_dash1"},{"type":"single","resource":"assassin:assassin_texture/assassin_dash2"},{"type":"single","resource":"doombringer_axe:doombringer_axe_texture/warrior_slash5_2"},{"type":"single","resource":"assassin:assassin_texture/assassin_dash3"},{"type":"single","resource":"assassin:assassin_texture/assassin_dash4"},{"type":"single","resource":"null_texture/null_bow"},{"type":"single","resource":"skills_kitetsu:dark_wall/dark_wall_7"},{"type":"single","resource":"skills_kitetsu:dark_wall/dark_wall_6"},{"type":"single","resource":"skills_kitetsu:dark_wall/dark_wall_5"},{"type":"single","resource":"skills_kitetsu:dark_wall/dark_wall_4"},{"type":"single","resource":"skills_kitetsu:dark_wall/dark_wall_3"},{"type":"single","resource":"skills_kitetsu:dark_wall/dark_wall_2"},{"type":"single","resource":"skills_kitetsu:dark_wall/dark_wall_1"},{"type":"single","resource":"blaze:mineas_blaze_texture/blaze_slash_8"},{"type":"single","resource":"blaze:mineas_blaze_texture/blaze_slash_9"},{"type":"single","resource":"blaze:mineas_blaze_texture/blaze_slash_6"},{"type":"single","resource":"blaze:mineas_blaze_texture/blaze_slash_7"},{"type":"single","resource":"blaze:mineas_blaze_texture/blaze_slash_4"},{"type":"single","resource":"blaze:mineas_blaze_texture/blaze_slash_5"},{"type":"single","resource":"blaze:mineas_blaze_texture/blaze_slash_2"},{"type":"single","resource":"blaze:mineas_blaze_texture/blaze_slash_3"},{"type":"single","resource":"ninja_samurai:ninja_samurai_texture/death_mark_1"},{"type":"single","resource":"ninja_samurai:ninja_samurai_texture/death_mark_3"},{"type":"single","resource":"ninja_samurai:ninja_samurai_texture/icon_laceration"},{"type":"single","resource":"ninja_samurai:ninja_samurai_texture/death_mark_2"},{"type":"single","resource":"ninja_samurai:ninja_samurai_texture/death_mark_5"},{"type":"single","resource":"ninja_samurai:ninja_samurai_texture/death_mark_4"},{"type":"single","resource":"warrior:warrior_texture/judgement_sword_3"},{"type":"single","resource":"thor_armor:thor_leggings"},{"type":"single","resource":"warrior:warrior_texture/judgement_sword_2"},{"type":"single","resource":"assassin:assassin_texture/assassin_blade_shiny"},{"type":"single","resource":"warrior:warrior_texture/judgement_sword_1"},{"type":"single","resource":"dragon_warrior:dragon_warrior_texture/dragon_smash_rupture_5"},{"type":"single","resource":"dragon_warrior:dragon_warrior_texture/dragon_smash_rupture_4"},{"type":"single","resource":"martial_artist:martial_artist_texture/icon_multi_strike"},{"type":"single","resource":"dragon_warrior:dragon_warrior_texture/dragon_smash_rupture_6"},{"type":"single","resource":"ninja_samurai:ninja_samurai_texture/shadow_spin"},{"type":"single","resource":"reaper:reaper_texture/blood_cut_2"},{"type":"single","resource":"reaper:reaper_texture/blood_cut_1"},{"type":"single","resource":"reaper:reaper_texture/blood_cut_4"},{"type":"single","resource":"dragon_warrior:dragon_warrior_texture/dragon_dash_charge1_2"},{"type":"single","resource":"reaper:reaper_texture/blood_cut_3"},{"type":"single","resource":"reaper:reaper_texture/blood_cut_6"},{"type":"single","resource":"reaper:reaper_texture/blood_cut_5"},{"type":"single","resource":"reaper:reaper_texture/blood_cut_8"},{"type":"single","resource":"null_armor:null_leggings"},{"type":"single","resource":"reaper:reaper_texture/blood_cut_7"},{"type":"single","resource":"paladin:paladin_texture/holy_mark_1"},{"type":"single","resource":"paladin:paladin_texture/holy_mark_3"},{"type":"single","resource":"paladin:paladin_texture/holy_mark_2"},{"type":"single","resource":"paladin:paladin_texture/holy_mark_4"},{"type":"single","resource":"doombringer_axe:doombringer_axe_texture/darkflame_animation_01texture"},{"type":"single","resource":"cleric:cleric_texture/icon_luminous_wave"},{"type":"single","resource":"dragon_warrior:dragon_warrior_texture/dragon_spin1_2"},{"type":"single","resource":"gluttony_evo:gluttony_evo_texture/soul_flame_4_shadow"},{"type":"single","resource":"cleric:cleric_texture/divine_impact_1"},{"type":"single","resource":"assassin:assassin_texture/icon_dagger_throw"},{"type":"single","resource":"ninja_samurai:ninja_samurai_texture/blood_cut_1"},{"type":"single","resource":"ninja_samurai:ninja_samurai_texture/blood_cut_2"},{"type":"single","resource":"ninja_samurai:ninja_samurai_texture/blood_cut_3"},{"type":"single","resource":"ninja_samurai:ninja_samurai_texture/blood_cut_4"},{"type":"single","resource":"ninja_samurai:ninja_samurai_texture/blood_cut_5"},{"type":"single","resource":"ninja_samurai:ninja_samurai_texture/blood_cut_6"},{"type":"single","resource":"ninja_samurai:ninja_samurai_texture/blood_cut_7"},{"type":"single","resource":"ninja_samurai:ninja_samurai_texture/blood_cut_8"},{"type":"single","resource":"ninja_samurai:ninja_samurai_texture/bloody_slash_3"},{"type":"single","resource":"dragon_warrior:dragon_warrior_texture/dragon_dash_impact1"},{"type":"single","resource":"ninja_samurai:ninja_samurai_texture/bloody_slash_4"},{"type":"single","resource":"ninja_samurai:ninja_samurai_texture/bloody_slash_5"},{"type":"single","resource":"dragon_warrior:dragon_warrior_texture/dragon_dash_impact3"},{"type":"single","resource":"ninja_samurai:ninja_samurai_texture/bloody_slash_6"},{"type":"single","resource":"dragon_warrior:dragon_warrior_texture/dragon_dash_impact2"},{"type":"single","resource":"ninja_samurai:ninja_samurai_texture/bloody_slash_7"},{"type":"single","resource":"dragon_warrior:dragon_warrior_texture/dragon_dash_impact5"},{"type":"single","resource":"dragon_warrior:dragon_warrior_texture/dragon_dash_impact4"},{"type":"single","resource":"dragon_warrior:dragon_warrior_texture/dragon_wings2_2"},{"type":"single","resource":"cleric:cleric_texture/divine_impact_8"},{"type":"single","resource":"cleric:cleric_texture/divine_impact_6"},{"type":"single","resource":"cleric:cleric_texture/divine_impact_7"},{"type":"single","resource":"cleric:cleric_texture/divine_impact_4"},{"type":"single","resource":"ninja_samurai:ninja_samurai_texture/icon_blood_slash"},{"type":"single","resource":"cleric:cleric_texture/divine_impact_5"},{"type":"single","resource":"cleric:cleric_texture/divine_impact_2"},{"type":"single","resource":"cleric:cleric_texture/divine_impact_3"},{"type":"single","resource":"doombringer_axe:doombringer_axe_texture/warrior_slash3_2"},{"type":"single","resource":"ninja_samurai:ninja_samurai_texture/shadow_cut_6"},{"type":"single","resource":"ninja_samurai:ninja_samurai_texture/shadow_cut_5"},{"type":"single","resource":"ninja_samurai:ninja_samurai_texture/shadow_cut_8"},{"type":"single","resource":"ninja_samurai:ninja_samurai_texture/shadow_cut_7"},{"type":"single","resource":"reaper:reaper_texture/soul_slice_2_shadow"},{"type":"single","resource":"warrior:warrior_texture/warrior_slash1_2"},{"type":"single","resource":"ninja_samurai:ninja_samurai_texture/shadow_cut_2"},{"type":"single","resource":"ninja_samurai:ninja_samurai_texture/shadow_cut_1"},{"type":"single","resource":"ninja_samurai:ninja_samurai_texture/bloody_slash_1"},{"type":"single","resource":"ninja_samurai:ninja_samurai_texture/shadow_cut_4"},{"type":"single","resource":"ninja_samurai:ninja_samurai_texture/bloody_slash_2"},{"type":"single","resource":"ninja_samurai:ninja_samurai_texture/shadow_cut_3"},{"type":"single","resource":"thor_texture/lightning_fx_5"},{"type":"single","resource":"thor_texture/lightning_fx_4"},{"type":"single","resource":"thor_texture/lightning_fx_3"},{"type":"single","resource":"zephyr:zephyr_texture/zephyr_dagger_shiny"},{"type":"single","resource":"dragon_warrior:dragon_warrior_texture/dragon_smash_rupture_1"},{"type":"single","resource":"thor_texture/lightning_fx_2"},{"type":"single","resource":"thor_texture/lightning_fx_1"},{"type":"single","resource":"dragon_warrior:dragon_warrior_texture/dragon_smash_rupture_3"},{"type":"single","resource":"reaper:reaper_texture/laceration_dash_6"},{"type":"single","resource":"dragon_warrior:dragon_warrior_texture/dragon_smash_rupture_2"},{"type":"single","resource":"reaper:reaper_texture/laceration_dash_5"},{"type":"single","resource":"reaper:reaper_texture/laceration_dash_4"},{"type":"single","resource":"reaper:reaper_texture/laceration_dash_3"},{"type":"single","resource":"reaper:reaper_texture/laceration_dash_2"},{"type":"single","resource":"martial_artist:martial_artist_texture/icon_uppercut"},{"type":"single","resource":"reaper:reaper_texture/laceration_dash_1"},{"type":"single","resource":"ninja_samurai:ninja_samurai_texture/ninja_samurai_katana"},{"type":"single","resource":"martial_artist:martial_artist_texture/deadly_squash_2"},{"type":"single","resource":"doombringer_axe:doombringer_axe_texture/whirlwind1"},{"type":"single","resource":"martial_artist:martial_artist_texture/strike_slash_1"},{"type":"single","resource":"doombringer_axe:doombringer_axe_texture/whirlwind2"},{"type":"single","resource":"martial_artist:martial_artist_texture/deadly_squash_3"},{"type":"single","resource":"martial_artist:martial_artist_texture/deadly_squash_4"},{"type":"single","resource":"doombringer_axe:doombringer_axe_texture/whirlwind5"},{"type":"single","resource":"martial_artist:martial_artist_texture/strike_slash_5"},{"type":"single","resource":"martial_artist:martial_artist_texture/strike_slash_4"},{"type":"single","resource":"doombringer_axe:doombringer_axe_texture/whirlwind3"},{"type":"single","resource":"martial_artist:martial_artist_texture/strike_slash_3"},{"type":"single","resource":"doombringer_axe:doombringer_axe_texture/whirlwind4"},{"type":"single","resource":"martial_artist:martial_artist_texture/strike_slash_2"},{"type":"single","resource":"paladin:paladin_texture/holy_spear_2"},{"type":"single","resource":"warrior:warrior_texture/icon_chain_hook"},{"type":"single","resource":"warrior:warrior_texture/icon_brutal_strike"},{"type":"single","resource":"skills_kitetsu:demon_fairy_dance_s2/demon_fairy_dance_s2_1"},{"type":"single","resource":"zephyr:zephyr_texture/icon_air_slash"},{"type":"single","resource":"paladin:paladin_texture/holy_spear_3"},{"type":"single","resource":"skills_kitetsu:demon_fairy_dance_s2/demon_fairy_dance_s2_2"},{"type":"single","resource":"skills_kitetsu:demon_fairy_dance_s2/demon_fairy_dance_s2_3"},{"type":"single","resource":"skills_kitetsu:demon_fairy_dance_s2/demon_fairy_dance_s2_4"},{"type":"single","resource":"skills_kitetsu:demon_fairy_dance_s2/demon_fairy_dance_s2_5"},{"type":"single","resource":"cleric:cleric_texture/icon_divine_punishment"},{"type":"single","resource":"zephyr:zephyr_texture/zephyr_head"},{"type":"single","resource":"skills_kitetsu:dark_wall/dark_wall_9"},{"type":"single","resource":"skills_kitetsu:demon_fairy_dance_s2/demon_fairy_dance_s2_6"},{"type":"single","resource":"paladin:paladin_texture/icon_holy_strike"},{"type":"single","resource":"skills_kitetsu:dark_wall/dark_wall_8"},{"type":"single","resource":"doombringer_axe:doombringer_axe_texture/inferno_orb_a"},{"type":"single","resource":"_iainternal:icons/icon_back_orange"},{"type":"single","resource":"paladin:paladin_texture/holy_spear_1"},{"type":"single","resource":"reaper:reaper_texture/shadow_pierce_2"},{"type":"single","resource":"reaper:reaper_texture/shadow_pierce_1"},{"type":"single","resource":"reaper:reaper_texture/shadow_pierce_4"},{"type":"single","resource":"reaper:reaper_texture/shadow_pierce_3"},{"type":"single","resource":"martial_artist:martial_artist_texture/martial_artist_gauntlet"},{"type":"single","resource":"reaper:reaper_texture/soul_slice_7_shadow"},{"type":"single","resource":"reaper:reaper_texture/shadow_pierce_5"},{"type":"single","resource":"dragon_warrior:dragon_warrior_texture/icon_dragon_skin"},{"type":"single","resource":"archmage:archmage_texture/blizzard_impact_4"},{"type":"single","resource":"paladin:paladin_texture/holy_shield_aura"},{"type":"single","resource":"archmage:archmage_texture/blizzard_impact_3"},{"type":"single","resource":"thor_texture/icon_thunder_smash"},{"type":"single","resource":"archmage:archmage_texture/blizzard_impact_6"},{"type":"single","resource":"archmage:archmage_texture/blizzard_impact_5"},{"type":"single","resource":"archmage:archmage_texture/blizzard_impact_2"},{"type":"single","resource":"archmage:archmage_texture/blizzard_impact_1"},{"type":"single","resource":"assassin:assassin_texture/assassin_dagger_a"},{"type":"single","resource":"archmage:archmage_texture/blizzard_impact_7"},{"type":"single","resource":"skills_kitetsu:vertical_slash_red/vertical_slash_red_10"},{"type":"single","resource":"ninja_samurai:ninja_samurai_texture/shadow_pierce_2"},{"type":"single","resource":"ninja_samurai:ninja_samurai_texture/shadow_pierce_1"},{"type":"single","resource":"martial_artist:martial_artist_texture/diving_strike_rupture_1"},{"type":"single","resource":"ninja_samurai:ninja_samurai_texture/death_charge_spin"},{"type":"single","resource":"martial_artist:martial_artist_texture/diving_strike_rupture_3"},{"type":"single","resource":"ninja_samurai:ninja_samurai_texture/shadow_pierce_5"},{"type":"single","resource":"martial_artist:martial_artist_texture/diving_strike_rupture_2"},{"type":"single","resource":"ninja_samurai:ninja_samurai_texture/shadow_pierce_4"},{"type":"single","resource":"martial_artist:martial_artist_texture/diving_strike_rupture_5"},{"type":"single","resource":"ninja_samurai:ninja_samurai_texture/shadow_pierce_3"},{"type":"single","resource":"martial_artist:martial_artist_texture/diving_strike_rupture_4"},{"type":"single","resource":"warrior:warrior_texture/warrior_sword_shiny"},{"type":"single","resource":"doombringer_axe:doombringer_axe_texture/hellfire_slash_7"},{"type":"single","resource":"gluttony_evo:gluttony_evo_texture/bloody_slash_7"},{"type":"single","resource":"gluttony_evo:gluttony_evo_texture/bloody_slash_6"},{"type":"single","resource":"gluttony_evo:gluttony_evo_texture/bloody_slash_5"},{"type":"single","resource":"doombringer_axe:doombringer_axe_texture/hellfire_slash_4"},{"type":"single","resource":"gluttony_evo:gluttony_evo_texture/bloody_slash_4"},{"type":"single","resource":"doombringer_axe:doombringer_axe_texture/hellfire_slash_3"},{"type":"single","resource":"gluttony_evo:gluttony_evo_texture/bloody_slash_3"},{"type":"single","resource":"doombringer_axe:doombringer_axe_texture/hellfire_slash_6"},{"type":"single","resource":"gluttony_evo:gluttony_evo_texture/bloody_slash_2"},{"type":"single","resource":"doombringer_axe:doombringer_axe_texture/hellfire_slash_5"},{"type":"single","resource":"gluttony_evo:gluttony_evo_texture/bloody_slash_1"},{"type":"single","resource":"doombringer_axe:doombringer_axe_texture/hellfire_slash_2"},{"type":"single","resource":"doombringer_axe:doombringer_axe_texture/hellfire_slash_1"},{"type":"single","resource":"archmage:archmage_texture/arcane_thunder_9"},{"type":"single","resource":"doombringer_axe:doombringer_axe_texture/charge5"},{"type":"single","resource":"archmage:archmage_texture/arcane_thunder_7"},{"type":"single","resource":"doombringer_axe:doombringer_axe_texture/charge4"},{"type":"single","resource":"archmage:archmage_texture/arcane_thunder_8"},{"type":"single","resource":"doombringer_axe:doombringer_axe_texture/charge3"},{"type":"single","resource":"archmage:archmage_texture/arcane_thunder_5"},{"type":"single","resource":"cleric:cleric_texture/tear_impact_7"},{"type":"single","resource":"null_texture/null_bow_shiny"},{"type":"single","resource":"doombringer_axe:doombringer_axe_texture/charge2"},{"type":"single","resource":"archmage:archmage_texture/arcane_thunder_6"},{"type":"single","resource":"cleric:cleric_texture/tear_impact_8"},{"type":"single","resource":"doombringer_axe:doombringer_axe_texture/charge1"},{"type":"single","resource":"archmage:archmage_texture/arcane_thunder_3"},{"type":"single","resource":"cleric:cleric_texture/tear_impact_5"},{"type":"single","resource":"archmage:archmage_texture/arcane_thunder_4"},{"type":"single","resource":"cleric:cleric_texture/tear_impact_6"},{"type":"single","resource":"archmage:archmage_texture/arcane_thunder_1"},{"type":"single","resource":"archmage:archmage_texture/arcane_thunder_2"},{"type":"single","resource":"assassin:assassin_texture/assassin_x_1"},{"type":"single","resource":"null_armor:null_helmet"},{"type":"single","resource":"archmage:archmage_texture/arcane_impact_7"},{"type":"single","resource":"archmage:archmage_texture/arcane_impact_5"},{"type":"single","resource":"paladin:paladin_texture/holy_chains"},{"type":"single","resource":"archmage:archmage_texture/arcane_impact_6"},{"type":"single","resource":"archmage:archmage_texture/arcane_impact_3"},{"type":"single","resource":"archmage:archmage_texture/arcane_impact_4"},{"type":"single","resource":"archmage:archmage_texture/arcane_impact_1"},{"type":"single","resource":"reaper:reaper_texture/soul_slice_4_death"},{"type":"single","resource":"archmage:archmage_texture/arcane_impact_2"},{"type":"single","resource":"warrior:warrior_texture/chain_hook"},{"type":"single","resource":"dragon_warrior:dragon_warrior_texture/dragon_dash_pierce4_2"},{"type":"single","resource":"dragon_warrior:dragon_warrior_texture/dragon_ground_slash"},{"type":"single","resource":"doombringer_axe:doombringer_axe_texture/blaze_leap_7"},{"type":"single","resource":"archmage:archmage_texture/icon_cloak_of_hastur"},{"type":"single","resource":"dragon_warrior:dragon_warrior_texture/dragon_slash5_2"},{"type":"single","resource":"warrior:warrior_texture/whirlwind4_2"},{"type":"single","resource":"reaper:reaper_texture/icon_soul_collector"},{"type":"single","resource":"ninja_samurai:ninja_samurai_texture/icon_smoke_bomb"},{"type":"single","resource":"null_texture/void_arrow"},{"type":"single","resource":"gluttony_evo:gluttony_evo_texture/death_charge_spin"},{"type":"single","resource":"dragon_warrior:dragon_warrior_texture/icon_dragonborn"},{"type":"single","resource":"skills_kitetsu:katana/katanatiger"},{"type":"single","resource":"warrior:warrior_texture/icon_judgement"},{"type":"single","resource":"dragon_warrior:dragon_warrior_texture/dragon_spin"},{"type":"single","resource":"reaper:reaper_texture/soul_slice_6_shadow"},{"type":"single","resource":"reaper:reaper_texture/shadow_spin"},{"type":"single","resource":"doombringer_axe:doombringer_axe_texture/blaze_leap_2"},{"type":"single","resource":"doombringer_axe:doombringer_axe_texture/blaze_leap_1"},{"type":"single","resource":"martial_artist:martial_artist_texture/icon_double_strike"},{"type":"single","resource":"assassin:assassin_texture/assassin_spin5"},{"type":"single","resource":"doombringer_axe:doombringer_axe_texture/blaze_leap_4"},{"type":"single","resource":"assassin:assassin_texture/assassin_spin6"},{"type":"single","resource":"doombringer_axe:doombringer_axe_texture/blaze_leap_3"},{"type":"single","resource":"assassin:assassin_texture/assassin_spin3"},{"type":"single","resource":"doombringer_axe:doombringer_axe_texture/blaze_leap_6"},{"type":"single","resource":"assassin:assassin_texture/assassin_spin4"},{"type":"single","resource":"doombringer_axe:doombringer_axe_texture/blaze_leap_5"},{"type":"single","resource":"assassin:assassin_texture/assassin_spin1"},{"type":"single","resource":"assassin:assassin_texture/assassin_spin2"},{"type":"single","resource":"null_texture/icon_blackhole_shot"},{"type":"single","resource":"thor_texture/icon_asgardian_fury"},{"type":"single","resource":"dragon_warrior:dragon_warrior_texture/dragon_dash_charge3_2"},{"type":"single","resource":"dragon_warrior:dragon_warrior_texture/dragon_dash_pierce2_2"},{"type":"single","resource":"blaze:mineas_blaze_texture/blaze_slash_1"},{"type":"single","resource":"dragon_warrior:dragon_warrior_texture/dragon_slash3_2"},{"type":"single","resource":"warrior:warrior_texture/whirlwind2_2"},{"type":"single","resource":"reaper:reaper_texture/soul_slice_3_shadow"},{"type":"single","resource":"reaper:reaper_texture/icon_surge"},{"type":"single","resource":"blaze:mineas_blaze_texture/blaze_impact1"},{"type":"single","resource":"blaze:mineas_blaze_texture/blaze_impact2"},{"type":"single","resource":"blaze:mineas_blaze_texture/blaze_impact3"},{"type":"single","resource":"blaze:mineas_blaze_texture/blaze_impact4"},{"type":"single","resource":"null_texture/null_bow_shiny_pulling_2"},{"type":"single","resource":"null_texture/null_bow_shiny_pulling_1"},{"type":"single","resource":"null_texture/void_pulse"},{"type":"single","resource":"warrior:warrior_texture/warrior_slash7_2"},{"type":"single","resource":"ninja_samurai:ninja_samurai_texture/flow_state_transparent"},{"type":"single","resource":"dragon_warrior:dragon_warrior_texture/icon_dragon_zone"},{"type":"single","resource":"skills_kitetsu:dark_wall/dark_wall_10"},{"type":"single","resource":"zephyr:zephyr_texture/icon_aerial_burst"},{"type":"single","resource":"skills_kitetsu:dark_wall/dark_wall_17"},{"type":"single","resource":"skills_kitetsu:dark_wall/dark_wall_18"},{"type":"single","resource":"skills_kitetsu:demon_fairy_dance_s1/demon_fairy_dance_s1_6"},{"type":"single","resource":"skills_kitetsu:dark_wall/dark_wall_15"},{"type":"single","resource":"skills_kitetsu:demon_fairy_dance_s1/demon_fairy_dance_s1_5"},{"type":"single","resource":"skills_kitetsu:dark_wall/dark_wall_16"},{"type":"single","resource":"skills_kitetsu:demon_fairy_dance_s1/demon_fairy_dance_s1_4"},{"type":"single","resource":"skills_kitetsu:dark_wall/dark_wall_13"},{"type":"single","resource":"skills_kitetsu:demon_fairy_dance_s1/demon_fairy_dance_s1_3"},{"type":"single","resource":"skills_kitetsu:dark_wall/dark_wall_14"},{"type":"single","resource":"skills_kitetsu:demon_fairy_dance_s1/demon_fairy_dance_s1_2"},{"type":"single","resource":"skills_kitetsu:dark_wall/dark_wall_11"},{"type":"single","resource":"skills_kitetsu:demon_fairy_dance_s1/demon_fairy_dance_s1_1"},{"type":"single","resource":"cleric:cleric_texture/icon_dawnbringer_angel"},{"type":"single","resource":"skills_kitetsu:dark_wall/dark_wall_12"},{"type":"single","resource":"dragon_warrior:dragon_warrior_texture/dragon_wings7_2"},{"type":"single","resource":"dragon_warrior:dragon_warrior_texture/dragon_slash1_2"},{"type":"single","resource":"doombringer_axe:doombringer_axe_texture/darkflame_01_texture"},{"type":"single","resource":"skills_kitetsu:dark_wall/dark_wall_20"},{"type":"single","resource":"blaze:mineas_blaze_texture/blaze_leaps3"},{"type":"single","resource":"skills_kitetsu:dark_wall/dark_wall_21"},{"type":"single","resource":"thor_texture/thor_hammer"},{"type":"single","resource":"blaze:mineas_blaze_texture/blaze_leaps4"},{"type":"single","resource":"blaze:mineas_blaze_texture/blaze_leaps5"},{"type":"single","resource":"blaze:mineas_blaze_texture/blaze_leaps6"},{"type":"single","resource":"blaze:mineas_blaze_texture/blaze_leaps7"},{"type":"single","resource":"dragon_warrior:dragon_warrior_texture/dragon_dash_pierce1"},{"type":"single","resource":"skills_kitetsu:dark_wall/dark_wall_26"},{"type":"single","resource":"thor_armor:thor_chestplate"},{"type":"single","resource":"skills_kitetsu:dark_wall/dark_wall_24"},{"type":"single","resource":"skills_kitetsu:dark_wall/dark_wall_25"},{"type":"single","resource":"skills_kitetsu:dark_wall/dark_wall_22"},{"type":"single","resource":"blaze:mineas_blaze_texture/blaze_leaps1"},{"type":"single","resource":"skills_kitetsu:dark_wall/dark_wall_23"},{"type":"single","resource":"dragon_warrior:dragon_warrior_texture/dragon_dash_pierce4"},{"type":"single","resource":"dragon_warrior:dragon_warrior_texture/dragon_dash_pierce5"},{"type":"single","resource":"skills_kitetsu:dark_wall/dark_wall_19"},{"type":"single","resource":"dragon_warrior:dragon_warrior_texture/dragon_dash_pierce2"},{"type":"single","resource":"dragon_warrior:dragon_warrior_texture/dragon_dash_pierce3"},{"type":"single","resource":"gluttony_evo:gluttony_evo_texture/soul_flame_8_shadow"},{"type":"single","resource":"archmage:archmage_texture/icon_arcane_shield"},{"type":"single","resource":"ninja_samurai:ninja_samurai_texture/icon_flow_state"},{"type":"single","resource":"null_texture/null_bow_pulling_0"},{"type":"single","resource":"martial_artist:martial_artist_texture/deadly_squash"},{"type":"single","resource":"cleric:cleric_texture/cleric_mace"},{"type":"single","resource":"null_texture/null_bow_pulling_2"},{"type":"single","resource":"null_texture/null_bow_pulling_1"},{"type":"single","resource":"reaper:reaper_texture/soul_slice_8_death"},{"type":"single","resource":"assassin:assassin_texture/icon_shadow_walk"},{"type":"single","resource":"assassin:assassin_texture/icon_blade_dance"},{"type":"single","resource":"doombringer_axe:doombringer_axe_texture/whirlwind5_2"},{"type":"single","resource":"warrior:warrior_texture/warrior_sword"},{"type":"single","resource":"martial_artist:martial_artist_texture/blue_strike_slash_shadow_6"},{"type":"single","resource":"martial_artist:martial_artist_texture/blue_strike_slash_shadow_5"},{"type":"single","resource":"martial_artist:martial_artist_texture/blue_strike_slash_shadow_4"},{"type":"single","resource":"martial_artist:martial_artist_texture/blue_strike_slash_shadow_3"},{"type":"single","resource":"reaper:reaper_texture/lacertaion_slash_2"},{"type":"single","resource":"martial_artist:martial_artist_texture/blue_strike_slash_shadow_2"},{"type":"single","resource":"reaper:reaper_texture/lacertaion_slash_3"},{"type":"single","resource":"martial_artist:martial_artist_texture/blue_strike_slash_shadow_1"},{"type":"single","resource":"reaper:reaper_texture/lacertaion_slash_1"},{"type":"single","resource":"gluttony_evo:gluttony_evo_texture/soul_flame_7_shadow"},{"type":"single","resource":"reaper:reaper_texture/lacertaion_slash_4"},{"type":"single","resource":"reaper:reaper_texture/lacertaion_slash_5"},{"type":"single","resource":"dragon_warrior:dragon_warrior_texture/dragon_spear_shiny"},{"type":"single","resource":"reaper:reaper_texture/death_mark_1"},{"type":"single","resource":"reaper:reaper_texture/death_mark_2"},{"type":"single","resource":"reaper:reaper_texture/death_mark_3"},{"type":"single","resource":"reaper:reaper_texture/death_mark_4"},{"type":"single","resource":"reaper:reaper_texture/death_mark_5"},{"type":"single","resource":"dragon_warrior:dragon_warrior_texture/dragon_wings9_2"},{"type":"single","resource":"archmage:archmage_texture/icon_arcane_slash"},{"type":"single","resource":"cleric:cleric_texture/tear_impact_3"},{"type":"single","resource":"cleric:cleric_texture/tear_impact_4"},{"type":"single","resource":"cleric:cleric_texture/tear_impact_1"},{"type":"single","resource":"cleric:cleric_texture/tear_impact_2"},{"type":"single","resource":"null_texture/icon_void_rain"},{"type":"single","resource":"ninja_samurai:ninja_samurai_texture/ninja_samurai_katana_shiny"},{"type":"single","resource":"_iainternal:icons/icon_right_blue"},{"type":"single","resource":"dragon_warrior:dragon_warrior_texture/dragon_dash_charge1"},{"type":"single","resource":"dragon_warrior:dragon_warrior_texture/dragon_dash_charge2"},{"type":"single","resource":"dragon_warrior:dragon_warrior_texture/dragon_dash_charge3"},{"type":"single","resource":"cleric:cleric_texture/icon_blessing_of_the_white_lantern"},{"type":"single","resource":"dragon_warrior:dragon_warrior_texture/dragon_dash_charge4"},{"type":"single","resource":"archmage:archmage_texture/blizzard_icicle"},{"type":"single","resource":"doombringer_axe:doombringer_axe_texture/flame_slash_7"},{"type":"single","resource":"martial_artist:martial_artist_texture/diving_strike_rupture_6"},{"type":"single","resource":"doombringer_axe:doombringer_axe_texture/flame_slash_5"},{"type":"single","resource":"warrior:warrior_texture/warrior_thrust5_2"},{"type":"single","resource":"doombringer_axe:doombringer_axe_texture/flame_slash_6"},{"type":"single","resource":"doombringer_axe:doombringer_axe_texture/flame_slash_3"},{"type":"single","resource":"doombringer_axe:doombringer_axe_texture/flame_slash_4"},{"type":"single","resource":"doombringer_axe:doombringer_axe_texture/flame_slash_1"},{"type":"single","resource":"doombringer_axe:doombringer_axe_texture/flame_slash_2"},{"type":"single","resource":"gluttony_evo:gluttony_evo_texture/soul_flame_2_shadow"},{"type":"single","resource":"gluttony_evo:gluttony_evo_texture/gagang_hd"},{"type":"single","resource":"cleric:cleric_texture/cleric_mace_shiny"},{"type":"single","resource":"zephyr:zephyr_texture/zephyr_dagger"},{"type":"single","resource":"skills_kitetsu:horz_slash_red/horz_slash_red_10"},{"type":"single","resource":"assassin:assassin_texture/animations_1"},{"type":"single","resource":"assassin:assassin_texture/icon_dash"},{"type":"single","resource":"ninja_samurai:ninja_samurai_texture/ninja_shadow_3"},{"type":"single","resource":"ninja_samurai:ninja_samurai_texture/ninja_shadow_4"},{"type":"single","resource":"doombringer_axe:doombringer_axe_texture/whirlwind3_2"},{"type":"single","resource":"ninja_samurai:ninja_samurai_texture/ninja_shadow_1"},{"type":"single","resource":"ninja_samurai:ninja_samurai_texture/ninja_shadow_2"},{"type":"single","resource":"warrior:warrior_texture/warrior_thrust2_2"},{"type":"single","resource":"archmage:archmage_texture/meteor_storm_explosion_6"},{"type":"single","resource":"reaper:reaper_texture/shadow_slash_5"},{"type":"single","resource":"skills_kitetsu:horz_slash/horz_slash_1"},{"type":"single","resource":"reaper:reaper_texture/shadow_slash_4"},{"type":"single","resource":"skills_kitetsu:horz_slash/horz_slash_2"},{"type":"single","resource":"reaper:reaper_texture/shadow_slash_7"},{"type":"single","resource":"skills_kitetsu:horz_slash/horz_slash_3"},{"type":"single","resource":"reaper:reaper_texture/shadow_slash_6"},{"type":"single","resource":"archmage:archmage_texture/meteor_storm_explosion_2"},{"type":"single","resource":"skills_kitetsu:horz_slash/horz_slash_4"},{"type":"single","resource":"reaper:reaper_texture/shadow_slash_1"},{"type":"single","resource":"archmage:archmage_texture/meteor_storm_explosion_3"},{"type":"single","resource":"skills_kitetsu:horz_slash/horz_slash_5"},{"type":"single","resource":"archmage:archmage_texture/meteor_storm_explosion_4"},{"type":"single","resource":"skills_kitetsu:horz_slash/horz_slash_6"},{"type":"single","resource":"reaper:reaper_texture/shadow_slash_3"},{"type":"single","resource":"archmage:archmage_texture/meteor_storm_explosion_5"},{"type":"single","resource":"skills_kitetsu:horz_slash/horz_slash_7"},{"type":"single","resource":"reaper:reaper_texture/shadow_slash_2"},{"type":"single","resource":"skills_kitetsu:horz_slash/horz_slash_8"},{"type":"single","resource":"skills_kitetsu:horz_slash/horz_slash_9"},{"type":"single","resource":"skills_kitetsu:katana/katanasamurai"},{"type":"single","resource":"archmage:archmage_texture/meteor_storm_explosion_1"},{"type":"single","resource":"thor_texture/icon_thunder_shockwave"},{"type":"single","resource":"paladin:paladin_texture/icon_radiant_aura"},{"type":"single","resource":"_iainternal:icons/icon_cancel"},{"type":"single","resource":"thor_texture/spark_fx_a"},{"type":"single","resource":"gluttony_evo:gluttony_evo_texture/jan-ngaku2-anj"},{"type":"single","resource":"dragon_warrior:dragon_warrior_texture/dragon_wings3_2"},{"type":"single","resource":"null_texture/null_arrow_shiny"},{"type":"single","resource":"cleric:cleric_texture/icon_divine_immolation"},{"type":"single","resource":"reaper:reaper_texture/soul_slice_1_shadow"},{"type":"single","resource":"martial_artist:martial_artist_texture/icon_deadly_squash"},{"type":"single","resource":"skills_kitetsu:katana/emma"},{"type":"single","resource":"ninja_samurai:ninja_samurai_texture/icon_forbidden_art"},{"type":"single","resource":"warrior:warrior_texture/warrior_slash4_2"},{"type":"single","resource":"assassin:assassin_texture/icon_blade_slash"},{"type":"single","resource":"gluttony_evo:gluttony_evo_texture/soul_flame_7"},{"type":"single","resource":"gluttony_evo:gluttony_evo_texture/soul_flame_8"},{"type":"single","resource":"reaper:reaper_texture/icon_death_spin"},{"type":"single","resource":"gluttony_evo:gluttony_evo_texture/soul_flame_5"},{"type":"single","resource":"gluttony_evo:gluttony_evo_texture/soul_flame_6"},{"type":"single","resource":"gluttony_evo:gluttony_evo_texture/soul_flame_3"},{"type":"single","resource":"gluttony_evo:gluttony_evo_texture/soul_flame_4"},{"type":"single","resource":"gluttony_evo:gluttony_evo_texture/soul_flame_1"},{"type":"single","resource":"gluttony_evo:gluttony_evo_texture/soul_flame_2"},{"type":"single","resource":"reaper:reaper_texture/soul_slice_5_death"},{"type":"single","resource":"dragon_warrior:dragon_warrior_texture/icon_dragon_breath"},{"type":"single","resource":"reaper:reaper_texture/soul_slice_8_shadow"},{"type":"single","resource":"paladin:paladin_texture/icon_unbreakable_will"},{"type":"single","resource":"ninja_samurai:ninja_samurai_texture/laceration_dash_1"},{"type":"single","resource":"ninja_samurai:ninja_samurai_texture/laceration_dash_2"},{"type":"single","resource":"ninja_samurai:ninja_samurai_texture/laceration_dash_3"},{"type":"single","resource":"doombringer_axe:doombringer_axe_texture/whirlwind1_2"},{"type":"single","resource":"ninja_samurai:ninja_samurai_texture/laceration_dash_4"},{"type":"single","resource":"ninja_samurai:ninja_samurai_texture/laceration_dash_5"},{"type":"single","resource":"ninja_samurai:ninja_samurai_texture/laceration_dash_6"},{"type":"single","resource":"gluttony_evo:gluttony_evo_texture/soul_flame_3_shadow"},{"type":"single","resource":"reaper:reaper_texture/soul_spin_a_death"},{"type":"single","resource":"archmage:archmage_texture/icon_chains_of_void"},{"type":"single","resource":"reaper:reaper_texture/ground_pound_4"},{"type":"single","resource":"reaper:reaper_texture/ground_pound_5"},{"type":"single","resource":"assassin:assassin_texture/assassin_impact4"},{"type":"single","resource":"reaper:reaper_texture/ground_pound_2"},{"type":"single","resource":"assassin:assassin_texture/assassin_impact3"},{"type":"single","resource":"reaper:reaper_texture/ground_pound_3"},{"type":"single","resource":"assassin:assassin_texture/assassin_impact2"},{"type":"single","resource":"assassin:assassin_texture/assassin_impact1"},{"type":"single","resource":"dragon_warrior:dragon_warrior_texture/dragon_wings5_2"},{"type":"single","resource":"skills_kitetsu:redbuff/redbuff_10"},{"type":"single","resource":"reaper:reaper_texture/soul_slice_3_death"},{"type":"single","resource":"skills_kitetsu:redbuff/redbuff_12"},{"type":"single","resource":"doombringer_axe:doombringer_axe_texture/warrior_slash6_2"},{"type":"single","resource":"skills_kitetsu:redbuff/redbuff_11"},{"type":"single","resource":"ninja_samurai:ninja_samurai_texture/smoke_bomb"},{"type":"single","resource":"gluttony_evo:gluttony_evo_texture/shuriken_mark"},{"type":"single","resource":"ninja_samurai:ninja_samurai_texture/shuriken_mark"},{"type":"single","resource":"skills_kitetsu:vertical_slash_red/vertical_slash_red_4"},{"type":"single","resource":"warrior:warrior_texture/shield_barrier_2"},{"type":"single","resource":"warrior:warrior_texture/whirlwind5"},{"type":"single","resource":"skills_kitetsu:demon_fairy_dance_ef/demon_fairy_dance_ef_6"},{"type":"single","resource":"skills_kitetsu:vertical_slash_red/vertical_slash_red_5"},{"type":"single","resource":"warrior:warrior_texture/shield_barrier_1"},{"type":"single","resource":"skills_kitetsu:demon_fairy_dance_ef/demon_fairy_dance_ef_5"},{"type":"single","resource":"skills_kitetsu:vertical_slash_red/vertical_slash_red_6"},{"type":"single","resource":"skills_kitetsu:demon_fairy_dance_ef/demon_fairy_dance_ef_4"},{"type":"single","resource":"skills_kitetsu:vertical_slash_red/vertical_slash_red_7"},{"type":"single","resource":"warrior:warrior_texture/shield_barrier_3"},{"type":"single","resource":"skills_kitetsu:demon_fairy_dance_ef/demon_fairy_dance_ef_3"},{"type":"single","resource":"warrior:warrior_texture/whirlwind1"},{"type":"single","resource":"skills_kitetsu:demon_fairy_dance_ef/demon_fairy_dance_ef_2"},{"type":"single","resource":"skills_kitetsu:vertical_slash_red/vertical_slash_red_1"},{"type":"single","resource":"warrior:warrior_texture/whirlwind2"},{"type":"single","resource":"warrior:warrior_texture/warrior_slash6_2"},{"type":"single","resource":"skills_kitetsu:demon_fairy_dance_ef/demon_fairy_dance_ef_1"},{"type":"single","resource":"skills_kitetsu:vertical_slash_red/vertical_slash_red_2"},{"type":"single","resource":"warrior:warrior_texture/whirlwind3"},{"type":"single","resource":"skills_kitetsu:vertical_slash_red/vertical_slash_red_3"},{"type":"single","resource":"paladin:paladin_texture/icon_hammer_of_justice"},{"type":"single","resource":"warrior:warrior_texture/whirlwind4"},{"type":"single","resource":"skills_kitetsu:vertical_slash_red/vertical_slash_red_8"},{"type":"single","resource":"skills_kitetsu:vertical_slash_red/vertical_slash_red_9"},{"type":"single","resource":"thor_texture/icon_hammer_strike"},{"type":"single","resource":"reaper:reaper_texture/scythe_reaper_shiny"},{"type":"single","resource":"reaper:reaper_texture/soul_slice_1_death"},{"type":"single","resource":"martial_artist:martial_artist_texture/blue_impact_4"},{"type":"single","resource":"martial_artist:martial_artist_texture/blue_impact_3"},{"type":"single","resource":"martial_artist:martial_artist_texture/blue_impact_2"},{"type":"single","resource":"martial_artist:martial_artist_texture/blue_impact_1"},{"type":"single","resource":"martial_artist:martial_artist_texture/blue_impact_6"},{"type":"single","resource":"martial_artist:martial_artist_texture/blue_impact_5"},{"type":"single","resource":"reaper:reaper_texture/soul_spin_a"},{"type":"single","resource":"paladin:paladin_texture/paladin_hammer_shiny"},{"type":"single","resource":"doombringer_axe:doombringer_axe_texture/drakflame_animation_02texture"},{"type":"single","resource":"null_armor:null_boots"},{"type":"single","resource":"dragon_warrior:dragon_warrior_texture/dragon_spin2_2"},{"type":"single","resource":"thor_texture/thor_head"},{"type":"single","resource":"warrior:warrior_texture/charge5"},{"type":"single","resource":"assassin:assassin_texture/assassin_slash1"},{"type":"single","resource":"assassin:assassin_texture/assassin_slash3"},{"type":"single","resource":"assassin:assassin_texture/assassin_slash2"},{"type":"single","resource":"assassin:assassin_texture/assassin_slash5"},{"type":"single","resource":"assassin:assassin_texture/assassin_slash4"},{"type":"single","resource":"assassin:assassin_texture/assassin_slash6"},{"type":"single","resource":"warrior:warrior_texture/charge2"},{"type":"single","resource":"warrior:warrior_texture/charge1"},{"type":"single","resource":"warrior:warrior_texture/charge4"},{"type":"single","resource":"warrior:warrior_texture/charge3"},{"type":"single","resource":"zephyr:zephyr_texture/icon_cyclone"},{"type":"single","resource":"reaper:reaper_texture/icon_soul_scythe"},{"type":"single","resource":"skills_kitetsu:round_slash_red/round_slash_red_2"},{"type":"single","resource":"skills_kitetsu:round_slash_red/round_slash_red_3"},{"type":"single","resource":"skills_kitetsu:round_slash_red/round_slash_red_4"},{"type":"single","resource":"skills_kitetsu:round_slash_red/round_slash_red_5"},{"type":"single","resource":"flamos:flamos_texture/flamos_scythe_a"},{"type":"single","resource":"skills_kitetsu:round_slash_red/round_slash_red_1"},{"type":"single","resource":"doombringer_axe:doombringer_axe_texture/warrior_slash4_2"},{"type":"single","resource":"archmage:archmage_texture/void_rupture_3"},{"type":"single","resource":"archmage:archmage_texture/void_rupture_2"},{"type":"single","resource":"archmage:archmage_texture/void_rupture_1"},{"type":"single","resource":"archmage:archmage_texture/void_rupture_6"},{"type":"single","resource":"archmage:archmage_texture/void_rupture_5"},{"type":"single","resource":"archmage:archmage_texture/void_rupture_4"},{"type":"single","resource":"reaper:reaper_texture/main"},{"type":"single","resource":"skills_kitetsu:katana/orinakatana"},{"type":"single","resource":"dragon_warrior:dragon_warrior_texture/dragon_wings2"},{"type":"single","resource":"dragon_warrior:dragon_warrior_texture/dragon_wings1"},{"type":"single","resource":"dragon_warrior:dragon_warrior_texture/dragon_wings4"},{"type":"single","resource":"dragon_warrior:dragon_warrior_texture/dragon_wings3"},{"type":"single","resource":"warrior:warrior_texture/whirlwind5_2"},{"type":"single","resource":"cleric:cleric_texture/icon_divine_cross"},{"type":"single","resource":"skills_kitetsu:horz_slash_red/horz_slash_red_5"},{"type":"single","resource":"skills_kitetsu:horz_slash_red/horz_slash_red_4"},{"type":"single","resource":"skills_kitetsu:horz_slash_red/horz_slash_red_7"},{"type":"single","resource":"skills_kitetsu:horz_slash_red/horz_slash_red_6"},{"type":"single","resource":"skills_kitetsu:horz_slash_red/horz_slash_red_1"},{"type":"single","resource":"skills_kitetsu:horz_slash_red/horz_slash_red_3"},{"type":"single","resource":"skills_kitetsu:horz_slash_red/horz_slash_red_2"},{"type":"single","resource":"dragon_warrior:dragon_warrior_texture/dragon_wings6"},{"type":"single","resource":"dragon_warrior:dragon_warrior_texture/dragon_wings5"},{"type":"single","resource":"dragon_warrior:dragon_warrior_texture/dragon_wings8"},{"type":"single","resource":"dragon_warrior:dragon_warrior_texture/dragon_wings7"},{"type":"single","resource":"archmage:archmage_texture/archmage_staff"},{"type":"single","resource":"skills_kitetsu:horz_slash_red/horz_slash_red_9"},{"type":"single","resource":"cleric:cleric_texture/luminous_wave_2"},{"type":"single","resource":"skills_kitetsu:horz_slash_red/horz_slash_red_8"},{"type":"single","resource":"cleric:cleric_texture/luminous_wave_3"},{"type":"single","resource":"dragon_warrior:dragon_warrior_texture/dragon_wings9"},{"type":"single","resource":"cleric:cleric_texture/luminous_wave_1"},{"type":"single","resource":"thor_texture/thor_hammer_shiny"},{"type":"single","resource":"cleric:cleric_texture/luminous_wave_6"},{"type":"single","resource":"cleric:cleric_texture/luminous_wave_7"},{"type":"single","resource":"gluttony_evo:gluttony_evo_texture/soul_flame_5_shadow"},{"type":"single","resource":"cleric:cleric_texture/luminous_wave_4"},{"type":"single","resource":"cleric:cleric_texture/luminous_wave_5"},{"type":"single","resource":"cleric:cleric_texture/icon_tears_of_god"},{"type":"single","resource":"cleric:cleric_texture/luminous_wave_8"},{"type":"single","resource":"cleric:cleric_texture/luminous_wave_9"},{"type":"single","resource":"assassin:assassin_texture/assassin_x2"},{"type":"single","resource":"assassin:assassin_texture/assassin_x3"},{"type":"single","resource":"assassin:assassin_texture/assassin_x4"},{"type":"single","resource":"assassin:assassin_texture/assassin_x5"},{"type":"single","resource":"reaper:reaper_texture/animasi3"},{"type":"single","resource":"dragon_warrior:dragon_warrior_texture/dragon_wings1_2"},{"type":"single","resource":"warrior:warrior_texture/shield_barrier"},{"type":"single","resource":"null_texture/icon_retreat"},{"type":"single","resource":"dragon_warrior:dragon_warrior_texture/dragon_slash4"},{"type":"single","resource":"dragon_warrior:dragon_warrior_texture/dragon_slash5"},{"type":"single","resource":"dragon_warrior:dragon_warrior_texture/dragon_slash2"},{"type":"single","resource":"dragon_warrior:dragon_warrior_texture/dragon_slash3"},{"type":"single","resource":"blaze:mineas_blaze_texture/mineas_blaze"},{"type":"single","resource":"dragon_warrior:dragon_warrior_texture/dragon_slash6"},{"type":"single","resource":"dragon_warrior:dragon_warrior_texture/dragon_slash1"},{"type":"single","resource":"doombringer_axe:doombringer_axe_texture/warrior_slash2_2"},{"type":"single","resource":"reaper:reaper_texture/los"},{"type":"single","resource":"reaper:reaper_texture/icon_reaping_claw"},{"type":"single","resource":"warrior:warrior_texture/warrior_slash2_2"},{"type":"single","resource":"doombringer_axe:doombringer_axe_texture/wings1"}]}